Lead_ID,Name,Email,Phone,Company,Job_Title,Industry,Revenue ($),Location,Previous_Interactions
1,John Doe,bob@example.com,6181463932,Beta LLC,Marketing Manager,Finance,4606826,Los Angeles,0
2,John Doe,alice@example.com,1610203196,Beta LLC,Marketing Manager,Retail,5841872,Chicago,0
3,John Doe,bob@example.com,9165257051,Omega Ltd,Sales Rep,Technology,3323739,Chicago,5
4,John Doe,bob@example.com,9820059782,Gamma Co,Marketing Manager,Retail,5364498,Los Angeles,1
5,Bob Johnson,jane@example.com,2773557493,Omega Ltd,CEO,Manufacturing,8753205,Los Angeles,4
6,Jane Smith,jane@example.com,1934552864,Widgets Inc,IT Specialist,Healthcare,8142959,Boston,3
7,Bob Johnson,jane@example.com,3420865068,Gamma Co,IT Specialist,Retail,9549490,Los Angeles,2
8,John Doe,charlie@example.com,2219821883,Acme Corp,Marketing Manager,Technology,1377516,Los Angeles,1
9,Bob Johnson,alice@example.com,4447437662,Acme Corp,Sales Rep,Finance,1097428,Los Angeles,2
10,John Doe,john@example.com,3909348151,Acme Corp,Marketing Manager,Healthcare,7329137,San Francisco,2
11,Jane Smith,bob@example.com,7315248904,Acme Corp,IT Specialist,Manufacturing,3599964,Los Angeles,5
12,Bob Johnson,john@example.com,9091759578,Omega Ltd,Marketing Manager,Finance,5356735,Chicago,3
13,Charlie Green,john@example.com,6881717930,Gamma Co,Sales Rep,Healthcare,4490281,New York,2
14,Jane Smith,john@example.com,7596522884,Acme Corp,Marketing Manager,Technology,6443632,Boston,4
15,John Doe,jane@example.com,9012853256,Omega Ltd,CEO,Retail,8330371,Los Angeles,5
16,Jane Smith,john@example.com,4125439347,Gamma Co,IT Specialist,Healthcare,4098594,Boston,4
17,Charlie Green,john@example.com,9228646811,Widgets Inc,CEO,Technology,9204420,Chicago,1
18,Bob Johnson,john@example.com,3307266567,Gamma Co,IT Specialist,Manufacturing,5025820,Boston,5
19,Bob Johnson,john@example.com,5008719008,Widgets Inc,HR Coordinator,Healthcare,8351950,San Francisco,5
20,Jane Smith,charlie@example.com,3814740915,Acme Corp,CEO,Finance,7193842,Chicago,5
21,Bob Johnson,charlie@example.com,1108973954,Gamma Co,CEO,Retail,4424514,Los Angeles,4
22,Bob Johnson,john@example.com,9771475233,Gamma Co,HR Coordinator,Technology,7805975,New York,5
23,Bob Johnson,john@example.com,3596235014,Widgets Inc,Sales Rep,Manufacturing,5902964,San Francisco,3
24,Alice Brown,alice@example.com,1206949928,Beta LLC,IT Specialist,Technology,2125045,Chicago,4
25,Jane Smith,alice@example.com,2078043703,Beta LLC,Marketing Manager,Technology,5846727,San Francisco,4
26,Charlie Green,jane@example.com,6736335092,Acme Corp,Sales Rep,Healthcare,5809656,Boston,5
27,Alice Brown,bob@example.com,8462240595,Acme Corp,Sales Rep,Technology,6326125,Los Angeles,5
28,Charlie Green,alice@example.com,2402795731,Omega Ltd,CEO,Retail,433342,Los Angeles,0
29,Charlie Green,jane@example.com,3388055754,Gamma Co,Marketing Manager,Healthcare,5192587,Los Angeles,1
30,Jane Smith,bob@example.com,3468770752,Omega Ltd,Sales Rep,Retail,9891754,New York,1
31,Charlie Green,jane@example.com,9683904455,Beta LLC,IT Specialist,Retail,3480534,Chicago,1
32,Charlie Green,bob@example.com,4069066931,Widgets Inc,Sales Rep,Technology,6433174,Boston,4
33,Jane Smith,jane@example.com,1524061655,Beta LLC,Marketing Manager,Healthcare,1524182,Chicago,4
34,Charlie Green,bob@example.com,8679214721,Gamma Co,Sales Rep,Healthcare,6935817,New York,1
35,Alice Brown,charlie@example.com,4182145427,Widgets Inc,IT Specialist,Manufacturing,7018295,Chicago,4
36,Charlie Green,jane@example.com,2235532359,Gamma Co,IT Specialist,Retail,6763587,New York,5
37,Jane Smith,jane@example.com,2017482707,Acme Corp,Sales Rep,Retail,9787217,Chicago,0
38,Bob Johnson,john@example.com,7253216797,Beta LLC,IT Specialist,Manufacturing,457059,Chicago,4
39,Jane Smith,john@example.com,6839938303,Gamma Co,Sales Rep,Retail,8368817,Los Angeles,3
40,John Doe,alice@example.com,6411267228,Acme Corp,Sales Rep,Technology,7465354,San Francisco,0
41,Jane Smith,alice@example.com,2527459397,Widgets Inc,Sales Rep,Manufacturing,2214545,San Francisco,0
42,Alice Brown,jane@example.com,9913126717,Beta LLC,CEO,Manufacturing,3022697,New York,0
43,Alice Brown,jane@example.com,8240869983,Omega Ltd,HR Coordinator,Technology,1589047,Boston,1
44,Charlie Green,alice@example.com,6260750990,Beta LLC,IT Specialist,Retail,3643383,San Francisco,3
45,Bob Johnson,bob@example.com,4448841004,Omega Ltd,Marketing Manager,Finance,2992691,San Francisco,4
46,Jane Smith,john@example.com,7390760715,Gamma Co,Sales Rep,Retail,9738836,San Francisco,1
47,Bob Johnson,charlie@example.com,9387086215,Gamma Co,CEO,Healthcare,759594,Chicago,4
48,Charlie Green,bob@example.com,4468379809,Gamma Co,Marketing Manager,Retail,5868084,Boston,4
49,Alice Brown,alice@example.com,7372901669,Omega Ltd,Marketing Manager,Finance,4862021,San Francisco,0
50,John Doe,jane@example.com,6955530033,Beta LLC,IT Specialist,Finance,554629,Los Angeles,2
51,Jane Smith,jane@example.com,9873229402,Widgets Inc,HR Coordinator,Technology,9824188,Los Angeles,3
52,Bob Johnson,john@example.com,4186876872,Beta LLC,Marketing Manager,Healthcare,1041054,Boston,2
53,Charlie Green,jane@example.com,9910911470,Omega Ltd,Sales Rep,Finance,3574876,Chicago,5
54,Bob Johnson,charlie@example.com,7124299874,Widgets Inc,CEO,Retail,925758,Los Angeles,0
55,Jane Smith,charlie@example.com,4646992988,Beta LLC,CEO,Technology,3705351,New York,0
56,Alice Brown,john@example.com,4402768232,Beta LLC,IT Specialist,Healthcare,1532764,Los Angeles,1
57,Alice Brown,alice@example.com,7454266529,Acme Corp,CEO,Technology,9078345,Boston,5
58,John Doe,bob@example.com,8235505849,Gamma Co,Sales Rep,Retail,6856410,Chicago,4
59,Jane Smith,charlie@example.com,4124760968,Widgets Inc,HR Coordinator,Retail,5165932,New York,4
60,Alice Brown,jane@example.com,5066533054,Acme Corp,Marketing Manager,Healthcare,3941640,San Francisco,0
61,Jane Smith,bob@example.com,4073364374,Gamma Co,Sales Rep,Manufacturing,2526752,San Francisco,2
62,Bob Johnson,bob@example.com,6612194569,Gamma Co,IT Specialist,Technology,1631243,Chicago,4
63,Charlie Green,alice@example.com,6458554739,Omega Ltd,CEO,Healthcare,6216509,Boston,1
64,Charlie Green,john@example.com,3630820466,Omega Ltd,HR Coordinator,Manufacturing,9546469,Los Angeles,4
65,Jane Smith,alice@example.com,1341731997,Widgets Inc,HR Coordinator,Technology,2824890,Boston,4
66,Bob Johnson,charlie@example.com,9684029185,Widgets Inc,Sales Rep,Healthcare,1957804,Chicago,5
67,Charlie Green,bob@example.com,9868528034,Omega Ltd,Marketing Manager,Finance,8181634,Chicago,0
68,John Doe,john@example.com,1895437372,Acme Corp,CEO,Technology,3579129,San Francisco,5
69,Alice Brown,jane@example.com,2503189215,Omega Ltd,Sales Rep,Healthcare,3913404,Los Angeles,2
70,Alice Brown,charlie@example.com,6407499499,Gamma Co,HR Coordinator,Retail,2592210,Los Angeles,2
71,Bob Johnson,charlie@example.com,2846862545,Beta LLC,Sales Rep,Finance,2926690,New York,2
72,Bob Johnson,alice@example.com,9056750744,Widgets Inc,Marketing Manager,Retail,5045190,Boston,3
73,Alice Brown,charlie@example.com,9486999094,Omega Ltd,HR Coordinator,Manufacturing,8051390,New York,4
74,Charlie Green,charlie@example.com,1956663705,Widgets Inc,IT Specialist,Retail,4105906,Los Angeles,4
75,Alice Brown,jane@example.com,8981459535,Omega Ltd,IT Specialist,Healthcare,9773740,Boston,2
76,Bob Johnson,charlie@example.com,6786697555,Omega Ltd,IT Specialist,Retail,1172054,Chicago,4
77,Charlie Green,bob@example.com,1710681252,Omega Ltd,CEO,Finance,2147036,San Francisco,4
78,John Doe,charlie@example.com,8103761369,Omega Ltd,HR Coordinator,Retail,612202,New York,3
79,Alice Brown,bob@example.com,2644184505,Beta LLC,CEO,Retail,1988455,Los Angeles,0
80,Charlie Green,bob@example.com,5969609064,Acme Corp,IT Specialist,Finance,4868255,Los Angeles,4
81,Jane Smith,john@example.com,9849092325,Acme Corp,HR Coordinator,Healthcare,1928758,San Francisco,0
82,Bob Johnson,charlie@example.com,3489377110,Omega Ltd,IT Specialist,Retail,9900228,Los Angeles,5
83,Charlie Green,bob@example.com,2967292188,Beta LLC,Sales Rep,Manufacturing,2957549,Los Angeles,2
84,Jane Smith,john@example.com,9510179261,Omega Ltd,Sales Rep,Finance,5241515,Boston,5
85,Alice Brown,bob@example.com,3708421348,Acme Corp,IT Specialist,Technology,5550934,Chicago,3
86,John Doe,charlie@example.com,4879521261,Acme Corp,IT Specialist,Retail,4085882,New York,3
87,John Doe,charlie@example.com,9871635240,Widgets Inc,Marketing Manager,Manufacturing,8181761,San Francisco,2
88,Alice Brown,john@example.com,3676337664,Widgets Inc,IT Specialist,Technology,5198227,Los Angeles,0
89,Bob Johnson,charlie@example.com,5146442185,Acme Corp,HR Coordinator,Manufacturing,6908045,San Francisco,1
90,John Doe,jane@example.com,3612815376,Omega Ltd,HR Coordinator,Technology,9002405,Los Angeles,4
91,John Doe,jane@example.com,9046469678,Beta LLC,IT Specialist,Finance,6490081,Los Angeles,5
92,Bob Johnson,alice@example.com,4527392168,Widgets Inc,IT Specialist,Healthcare,9657574,San Francisco,4
93,Charlie Green,alice@example.com,9218563607,Widgets Inc,Sales Rep,Manufacturing,5340172,Los Angeles,4
94,Bob Johnson,charlie@example.com,4367265056,Beta LLC,Sales Rep,Manufacturing,2701773,Chicago,2
95,John Doe,jane@example.com,1335343140,Gamma Co,Marketing Manager,Manufacturing,478829,San Francisco,3
96,John Doe,john@example.com,8807703710,Widgets Inc,Sales Rep,Technology,8833354,New York,5
97,Charlie Green,jane@example.com,1203722253,Gamma Co,Marketing Manager,Technology,2713492,Chicago,0
98,Charlie Green,jane@example.com,2692900256,Widgets Inc,CEO,Retail,3861863,Los Angeles,1
99,Bob Johnson,alice@example.com,4414453648,Acme Corp,CEO,Technology,7828498,New York,3
100,Charlie Green,jane@example.com,9447510924,Acme Corp,Marketing Manager,Manufacturing,3128181,Boston,3
101,Charlie Green,john@example.com,1258436406,Beta LLC,Sales Rep,Finance,5974936,Chicago,2
102,Bob Johnson,charlie@example.com,2889541877,Beta LLC,IT Specialist,Technology,570317,Los Angeles,3
103,Bob Johnson,charlie@example.com,9348715294,Beta LLC,CEO,Finance,3494758,Chicago,4
104,Jane Smith,charlie@example.com,5693303187,Gamma Co,Marketing Manager,Manufacturing,7250683,New York,3
105,Jane Smith,jane@example.com,1858509295,Acme Corp,CEO,Healthcare,9262663,San Francisco,0
106,Bob Johnson,jane@example.com,3675868802,Widgets Inc,CEO,Retail,7922408,Los Angeles,5
107,Jane Smith,jane@example.com,9762243159,Beta LLC,IT Specialist,Finance,3314488,Chicago,5
108,Charlie Green,charlie@example.com,7041440342,Widgets Inc,Marketing Manager,Healthcare,2907211,Los Angeles,3
109,Jane Smith,jane@example.com,7853202833,Omega Ltd,Marketing Manager,Finance,4830365,Chicago,4
110,Bob Johnson,john@example.com,4301610359,Acme Corp,CEO,Retail,9673639,San Francisco,3
111,Alice Brown,john@example.com,7870482128,Widgets Inc,CEO,Manufacturing,870547,Los Angeles,4
112,Charlie Green,jane@example.com,7256941622,Omega Ltd,HR Coordinator,Technology,6355272,Los Angeles,1
113,Charlie Green,jane@example.com,1146662780,Omega Ltd,Marketing Manager,Finance,9401721,San Francisco,3
114,John Doe,alice@example.com,9008024540,Omega Ltd,IT Specialist,Manufacturing,8645593,Los Angeles,5
115,Jane Smith,alice@example.com,5315156223,Beta LLC,CEO,Finance,1556698,Los Angeles,0
116,John Doe,alice@example.com,4107017589,Omega Ltd,IT Specialist,Retail,1624773,Los Angeles,1
117,John Doe,john@example.com,1321878934,Acme Corp,Marketing Manager,Manufacturing,8753583,Boston,5
118,Alice Brown,alice@example.com,1970575814,Acme Corp,Sales Rep,Manufacturing,1808820,San Francisco,4
119,Charlie Green,john@example.com,2368155368,Beta LLC,Sales Rep,Manufacturing,9172318,Los Angeles,2
120,Jane Smith,alice@example.com,8570545331,Omega Ltd,Sales Rep,Healthcare,538081,Boston,2
121,Alice Brown,john@example.com,3821209154,Acme Corp,IT Specialist,Manufacturing,6594367,New York,2
122,Bob Johnson,charlie@example.com,6023938163,Acme Corp,HR Coordinator,Healthcare,8636076,New York,1
123,Bob Johnson,bob@example.com,9589489702,Omega Ltd,IT Specialist,Healthcare,4690971,Chicago,4
124,John Doe,bob@example.com,5330365447,Beta LLC,Sales Rep,Finance,9479388,Los Angeles,5
125,Jane Smith,charlie@example.com,5275126693,Beta LLC,Sales Rep,Healthcare,3814326,Chicago,2
126,Charlie Green,john@example.com,5642911711,Omega Ltd,HR Coordinator,Technology,5549568,San Francisco,0
127,Alice Brown,alice@example.com,1338555532,Acme Corp,Marketing Manager,Retail,9471713,Boston,5
128,Charlie Green,alice@example.com,5777048029,Gamma Co,CEO,Retail,9666888,Los Angeles,0
129,Bob Johnson,jane@example.com,9981120694,Omega Ltd,IT Specialist,Finance,9727655,Chicago,1
130,Bob Johnson,jane@example.com,7380208344,Widgets Inc,CEO,Finance,4886844,Boston,0
131,Jane Smith,charlie@example.com,1785075883,Beta LLC,Marketing Manager,Manufacturing,845918,Los Angeles,3
132,Charlie Green,jane@example.com,7596203691,Widgets Inc,IT Specialist,Technology,2785246,New York,5
133,John Doe,charlie@example.com,4694251698,Beta LLC,CEO,Retail,232632,Chicago,1
134,John Doe,bob@example.com,2521694989,Beta LLC,HR Coordinator,Retail,7748008,San Francisco,5
135,Jane Smith,jane@example.com,9623347657,Acme Corp,CEO,Finance,8456208,Boston,2
136,Jane Smith,john@example.com,1481057622,Acme Corp,CEO,Manufacturing,7387940,Los Angeles,4
137,Bob Johnson,charlie@example.com,6717500105,Beta LLC,Sales Rep,Manufacturing,1600252,Chicago,3
138,Bob Johnson,john@example.com,9171307346,Gamma Co,Sales Rep,Finance,368272,San Francisco,3
139,John Doe,charlie@example.com,7778680126,Gamma Co,Sales Rep,Technology,4939291,San Francisco,3
140,Alice Brown,alice@example.com,4870569006,Widgets Inc,Sales Rep,Technology,2027023,Chicago,2
141,John Doe,alice@example.com,9752079660,Gamma Co,HR Coordinator,Retail,1367860,San Francisco,4
142,Alice Brown,alice@example.com,6479700557,Gamma Co,Marketing Manager,Healthcare,5866274,San Francisco,3
143,Bob Johnson,jane@example.com,2748718671,Beta LLC,IT Specialist,Technology,7376765,Boston,1
144,Charlie Green,john@example.com,9069560431,Beta LLC,IT Specialist,Technology,5677640,San Francisco,0
145,Jane Smith,bob@example.com,3820217919,Acme Corp,CEO,Finance,2714820,New York,5
146,Jane Smith,bob@example.com,5622694019,Omega Ltd,CEO,Technology,5060862,Chicago,3
147,John Doe,bob@example.com,5118553257,Widgets Inc,IT Specialist,Healthcare,2145919,San Francisco,0
148,Charlie Green,bob@example.com,4778571603,Widgets Inc,CEO,Technology,5349119,Boston,3
149,John Doe,charlie@example.com,9151054426,Acme Corp,HR Coordinator,Manufacturing,1467386,Los Angeles,0
150,Charlie Green,alice@example.com,3908917490,Gamma Co,Sales Rep,Manufacturing,7920146,San Francisco,0
151,Alice Brown,john@example.com,9562296120,Gamma Co,HR Coordinator,Technology,5510385,New York,4
152,Charlie Green,jane@example.com,3261579511,Acme Corp,IT Specialist,Healthcare,4011543,Chicago,0
153,Charlie Green,jane@example.com,5644453204,Beta LLC,Marketing Manager,Finance,7576243,Los Angeles,1
154,John Doe,john@example.com,5195502923,Widgets Inc,CEO,Finance,3313898,Boston,5
155,John Doe,charlie@example.com,3989672557,Beta LLC,CEO,Healthcare,4494200,Boston,1
156,Alice Brown,jane@example.com,2800756772,Omega Ltd,Marketing Manager,Finance,4429430,Los Angeles,5
157,Bob Johnson,jane@example.com,3358667727,Acme Corp,CEO,Healthcare,6671831,Boston,4
158,Alice Brown,bob@example.com,5183852964,Omega Ltd,Marketing Manager,Manufacturing,7066223,Boston,0
159,Jane Smith,bob@example.com,1466692953,Acme Corp,Marketing Manager,Technology,5500766,New York,2
160,Jane Smith,bob@example.com,5527215322,Omega Ltd,CEO,Healthcare,1583371,San Francisco,3
161,Bob Johnson,john@example.com,1385883883,Omega Ltd,Sales Rep,Finance,5856927,New York,2
162,John Doe,jane@example.com,5380105462,Gamma Co,IT Specialist,Retail,6283057,New York,3
163,Bob Johnson,john@example.com,9103773833,Acme Corp,CEO,Finance,9913312,San Francisco,2
164,Charlie Green,bob@example.com,7579865774,Widgets Inc,IT Specialist,Healthcare,3866583,San Francisco,5
165,John Doe,john@example.com,7800423316,Gamma Co,Sales Rep,Healthcare,5751413,Chicago,5
166,Bob Johnson,alice@example.com,6327796700,Gamma Co,CEO,Finance,6306305,Los Angeles,5
167,Charlie Green,charlie@example.com,2335679606,Beta LLC,IT Specialist,Technology,3081020,San Francisco,3
168,John Doe,bob@example.com,5315048097,Omega Ltd,IT Specialist,Healthcare,1438476,New York,4
169,Jane Smith,john@example.com,5779469305,Beta LLC,IT Specialist,Healthcare,3855729,Los Angeles,3
170,Alice Brown,jane@example.com,1305205902,Beta LLC,Marketing Manager,Manufacturing,7874042,Chicago,2
171,Alice Brown,bob@example.com,6988864057,Beta LLC,HR Coordinator,Retail,4722818,San Francisco,5
172,Jane Smith,alice@example.com,3581258138,Omega Ltd,Marketing Manager,Manufacturing,6020897,New York,1
173,Bob Johnson,charlie@example.com,6544133918,Gamma Co,HR Coordinator,Retail,1540727,Chicago,5
174,Alice Brown,charlie@example.com,4483937398,Acme Corp,Marketing Manager,Technology,4601617,Chicago,1
175,John Doe,charlie@example.com,5082611894,Beta LLC,Sales Rep,Retail,3437318,Boston,4
176,Bob Johnson,bob@example.com,3543135218,Widgets Inc,Sales Rep,Finance,907781,Boston,4
177,Bob Johnson,jane@example.com,8237369827,Omega Ltd,CEO,Retail,1375237,New York,5
178,Jane Smith,john@example.com,5583170392,Widgets Inc,Sales Rep,Finance,6462929,Los Angeles,0
179,Jane Smith,bob@example.com,7030640935,Widgets Inc,Sales Rep,Retail,1416340,San Francisco,3
180,Bob Johnson,alice@example.com,2425133211,Acme Corp,CEO,Technology,7177303,Los Angeles,3
181,Jane Smith,charlie@example.com,3485776796,Gamma Co,IT Specialist,Manufacturing,6797916,San Francisco,2
182,Jane Smith,john@example.com,3121212187,Gamma Co,HR Coordinator,Technology,7200595,Boston,2
183,Jane Smith,bob@example.com,1828533899,Widgets Inc,Marketing Manager,Healthcare,4377731,Boston,2
184,Charlie Green,alice@example.com,6181421881,Widgets Inc,Sales Rep,Manufacturing,8388144,Chicago,5
185,Jane Smith,jane@example.com,1442935143,Acme Corp,HR Coordinator,Manufacturing,8802586,Chicago,2
186,Charlie Green,bob@example.com,6629073293,Beta LLC,Sales Rep,Manufacturing,4578426,Chicago,5
187,Bob Johnson,charlie@example.com,2359999735,Beta LLC,IT Specialist,Manufacturing,5215891,San Francisco,1
188,Alice Brown,jane@example.com,8619983132,Beta LLC,CEO,Technology,9949164,Chicago,5
189,John Doe,john@example.com,8255726940,Acme Corp,CEO,Technology,7089516,Chicago,4
190,John Doe,jane@example.com,2311411353,Omega Ltd,CEO,Retail,6964735,New York,3
191,Jane Smith,john@example.com,2278253723,Omega Ltd,IT Specialist,Healthcare,4314770,Chicago,1
192,Jane Smith,bob@example.com,4055932407,Gamma Co,Marketing Manager,Manufacturing,7456924,New York,0
193,John Doe,jane@example.com,7801185967,Omega Ltd,HR Coordinator,Retail,2680786,San Francisco,3
194,Bob Johnson,bob@example.com,8183790247,Gamma Co,IT Specialist,Manufacturing,3582110,Los Angeles,1
195,Jane Smith,alice@example.com,7016301769,Beta LLC,CEO,Manufacturing,5982314,San Francisco,3
196,Charlie Green,jane@example.com,2500528924,Gamma Co,CEO,Finance,2331296,Chicago,0
197,Jane Smith,bob@example.com,3264714112,Widgets Inc,CEO,Technology,7886489,Los Angeles,3
198,Charlie Green,john@example.com,3937239534,Omega Ltd,IT Specialist,Healthcare,4802139,Los Angeles,2
199,John Doe,alice@example.com,7920961855,Omega Ltd,Sales Rep,Finance,6242516,Chicago,2
200,Bob Johnson,charlie@example.com,5412133852,Beta LLC,Sales Rep,Retail,4971269,New York,4
201,John Doe,alice@example.com,3995444933,Acme Corp,HR Coordinator,Healthcare,2074567,New York,4
202,John Doe,charlie@example.com,5326857829,Gamma Co,Sales Rep,Healthcare,7157750,Chicago,0
203,Charlie Green,charlie@example.com,9898999570,Widgets Inc,HR Coordinator,Healthcare,6925380,Chicago,0
204,Charlie Green,john@example.com,4730921806,Omega Ltd,Marketing Manager,Finance,5102566,New York,3
205,Charlie Green,bob@example.com,1135507989,Omega Ltd,Sales Rep,Healthcare,103277,Los Angeles,3
206,Bob Johnson,charlie@example.com,8085795408,Omega Ltd,CEO,Healthcare,6432498,New York,1
207,Alice Brown,jane@example.com,1581230164,Acme Corp,Sales Rep,Healthcare,7405655,New York,1
208,Bob Johnson,bob@example.com,8468974706,Gamma Co,Sales Rep,Manufacturing,2252427,Chicago,0
209,Jane Smith,charlie@example.com,6974056079,Omega Ltd,Sales Rep,Technology,8856912,Chicago,3
210,Charlie Green,bob@example.com,2890275304,Widgets Inc,HR Coordinator,Technology,4404677,Chicago,2
211,Bob Johnson,charlie@example.com,1597880951,Gamma Co,IT Specialist,Manufacturing,1960589,Chicago,1
212,John Doe,alice@example.com,7812964233,Widgets Inc,HR Coordinator,Healthcare,9104689,New York,3
213,Charlie Green,john@example.com,6758033397,Gamma Co,CEO,Retail,8352166,New York,1
214,Alice Brown,bob@example.com,3949470742,Beta LLC,HR Coordinator,Manufacturing,1041079,Boston,5
215,Bob Johnson,charlie@example.com,6103208319,Omega Ltd,CEO,Retail,6618287,Boston,5
216,Alice Brown,charlie@example.com,6024346892,Acme Corp,IT Specialist,Manufacturing,2461908,Boston,4
217,Charlie Green,alice@example.com,7151983036,Omega Ltd,Marketing Manager,Healthcare,3115518,Boston,1
218,John Doe,alice@example.com,4632904768,Omega Ltd,Sales Rep,Retail,658257,San Francisco,2
219,Bob Johnson,john@example.com,4282679359,Widgets Inc,Sales Rep,Healthcare,6658189,Boston,3
220,Jane Smith,john@example.com,9038581300,Beta LLC,Sales Rep,Finance,2796040,New York,1
221,John Doe,bob@example.com,1906109709,Omega Ltd,CEO,Healthcare,6899048,Boston,2
222,Alice Brown,alice@example.com,8164246851,Gamma Co,CEO,Retail,6396547,Boston,3
223,Alice Brown,bob@example.com,2721436877,Gamma Co,IT Specialist,Manufacturing,2590425,San Francisco,0
224,Bob Johnson,bob@example.com,9961446028,Acme Corp,Sales Rep,Healthcare,6955899,Chicago,5
225,John Doe,jane@example.com,6981185284,Omega Ltd,CEO,Finance,9772874,San Francisco,5
226,John Doe,alice@example.com,8698313462,Widgets Inc,Sales Rep,Technology,4498242,Chicago,5
227,Charlie Green,john@example.com,8000564210,Widgets Inc,HR Coordinator,Finance,6680140,Chicago,1
228,John Doe,charlie@example.com,7745655471,Gamma Co,Marketing Manager,Retail,9864501,New York,5
229,John Doe,charlie@example.com,4935536633,Beta LLC,Marketing Manager,Retail,9106806,Boston,4
230,Jane Smith,alice@example.com,4807047498,Beta LLC,CEO,Manufacturing,8479826,Boston,1
231,Jane Smith,john@example.com,8097176403,Beta LLC,HR Coordinator,Healthcare,3469773,Chicago,2
232,John Doe,bob@example.com,1789268918,Beta LLC,Sales Rep,Finance,6783986,Chicago,0
233,Jane Smith,bob@example.com,8123702366,Acme Corp,Sales Rep,Manufacturing,2814085,New York,4
234,Jane Smith,charlie@example.com,3184472000,Widgets Inc,Sales Rep,Finance,2522498,Los Angeles,2
235,Alice Brown,john@example.com,2760928009,Gamma Co,HR Coordinator,Retail,8190610,Chicago,5
236,Bob Johnson,charlie@example.com,6757642058,Gamma Co,Sales Rep,Retail,840734,Los Angeles,3
237,John Doe,john@example.com,7547203720,Acme Corp,CEO,Retail,4265295,Boston,4
238,Alice Brown,bob@example.com,7796049146,Acme Corp,CEO,Technology,8325456,Boston,2
239,Jane Smith,charlie@example.com,4480355418,Gamma Co,HR Coordinator,Manufacturing,6527962,Los Angeles,5
240,John Doe,bob@example.com,6643264225,Gamma Co,Sales Rep,Manufacturing,9408734,Los Angeles,2
241,Alice Brown,john@example.com,2405440618,Widgets Inc,HR Coordinator,Technology,154257,Chicago,2
242,Jane Smith,jane@example.com,6723062442,Gamma Co,Sales Rep,Finance,6685850,Los Angeles,0
243,John Doe,john@example.com,5049189726,Beta LLC,Sales Rep,Manufacturing,8205335,Chicago,5
244,Jane Smith,bob@example.com,9616918160,Widgets Inc,CEO,Manufacturing,3347249,Chicago,2
245,John Doe,charlie@example.com,3380451191,Beta LLC,IT Specialist,Finance,7393757,New York,2
246,Alice Brown,john@example.com,3122177468,Omega Ltd,HR Coordinator,Retail,6796649,Boston,4
247,Jane Smith,john@example.com,4949798143,Acme Corp,HR Coordinator,Healthcare,4112406,Chicago,5
248,Charlie Green,charlie@example.com,6347350478,Acme Corp,HR Coordinator,Healthcare,1069602,Boston,2
249,Jane Smith,charlie@example.com,6839564007,Omega Ltd,HR Coordinator,Manufacturing,9384230,Chicago,2
250,Bob Johnson,charlie@example.com,2420020679,Beta LLC,HR Coordinator,Retail,4854304,Chicago,5
251,Bob Johnson,alice@example.com,4556272803,Beta LLC,Marketing Manager,Healthcare,2177321,New York,4
252,Jane Smith,bob@example.com,4199750277,Beta LLC,Sales Rep,Retail,2605022,Chicago,1
253,Bob Johnson,john@example.com,9772353294,Omega Ltd,Marketing Manager,Manufacturing,8404049,Los Angeles,1
254,Bob Johnson,charlie@example.com,2510458011,Widgets Inc,IT Specialist,Retail,5948622,San Francisco,3
255,John Doe,john@example.com,1517100441,Beta LLC,IT Specialist,Technology,3514326,New York,5
256,Jane Smith,charlie@example.com,3473241464,Beta LLC,HR Coordinator,Manufacturing,3884832,San Francisco,4
257,John Doe,alice@example.com,7571049120,Beta LLC,HR Coordinator,Retail,8590261,Chicago,5
258,Alice Brown,alice@example.com,9015004614,Widgets Inc,CEO,Healthcare,5188424,Los Angeles,5
259,Charlie Green,alice@example.com,8861571054,Beta LLC,IT Specialist,Finance,5015882,New York,0
260,Alice Brown,alice@example.com,9627220498,Widgets Inc,IT Specialist,Technology,586269,Chicago,5
261,John Doe,charlie@example.com,8576190811,Omega Ltd,Sales Rep,Healthcare,3513600,Chicago,2
262,Charlie Green,charlie@example.com,2994541309,Acme Corp,CEO,Manufacturing,2191633,Boston,0
263,Jane Smith,john@example.com,4260397840,Acme Corp,CEO,Retail,107350,San Francisco,2
264,Jane Smith,charlie@example.com,7721135426,Omega Ltd,Sales Rep,Healthcare,1809752,Boston,2
265,Jane Smith,jane@example.com,2538092072,Beta LLC,Marketing Manager,Retail,5674744,Boston,3
266,Charlie Green,john@example.com,1671429105,Acme Corp,Marketing Manager,Finance,3650090,Los Angeles,3
267,Charlie Green,bob@example.com,9130023428,Acme Corp,Marketing Manager,Manufacturing,6611079,Boston,1
268,John Doe,jane@example.com,1769464826,Widgets Inc,Marketing Manager,Manufacturing,4408893,New York,0
269,John Doe,bob@example.com,3576306546,Widgets Inc,HR Coordinator,Finance,8688963,Chicago,1
270,Charlie Green,john@example.com,9810513312,Gamma Co,CEO,Finance,6537395,New York,0
271,Jane Smith,charlie@example.com,1045437566,Acme Corp,CEO,Healthcare,2547054,San Francisco,3
272,John Doe,bob@example.com,7374181254,Widgets Inc,IT Specialist,Technology,4020292,New York,5
273,Alice Brown,charlie@example.com,9397887125,Acme Corp,HR Coordinator,Healthcare,8740163,Los Angeles,5
274,John Doe,charlie@example.com,6096543257,Beta LLC,IT Specialist,Retail,5651213,Boston,5
275,Charlie Green,john@example.com,7886425064,Acme Corp,Sales Rep,Finance,1995738,Chicago,5
276,Jane Smith,alice@example.com,4834475608,Omega Ltd,HR Coordinator,Technology,533821,Chicago,1
277,Jane Smith,jane@example.com,7750152248,Widgets Inc,Sales Rep,Manufacturing,4612632,Los Angeles,3
278,Jane Smith,charlie@example.com,7992190100,Beta LLC,IT Specialist,Manufacturing,1852671,Chicago,5
279,Bob Johnson,charlie@example.com,2441151437,Widgets Inc,CEO,Technology,8998039,Los Angeles,3
280,Jane Smith,john@example.com,5338880525,Omega Ltd,Marketing Manager,Retail,8471840,New York,0
281,Charlie Green,alice@example.com,6988220424,Gamma Co,Sales Rep,Retail,175438,New York,1
282,Bob Johnson,john@example.com,3194508219,Beta LLC,Marketing Manager,Technology,6678392,Los Angeles,1
283,Bob Johnson,bob@example.com,4212933471,Beta LLC,IT Specialist,Manufacturing,1649197,Boston,4
284,Charlie Green,jane@example.com,5157055812,Gamma Co,IT Specialist,Retail,6033882,Los Angeles,3
285,Charlie Green,jane@example.com,3254504959,Omega Ltd,CEO,Manufacturing,9744311,Chicago,2
286,Alice Brown,jane@example.com,6354590636,Gamma Co,Sales Rep,Retail,8820491,Boston,1
287,Alice Brown,jane@example.com,2582292709,Acme Corp,HR Coordinator,Retail,7765475,Chicago,1
288,Alice Brown,john@example.com,6474044298,Beta LLC,IT Specialist,Finance,9155007,Boston,3
289,John Doe,alice@example.com,1393522452,Beta LLC,Marketing Manager,Healthcare,7911471,Boston,2
290,John Doe,bob@example.com,4278188459,Beta LLC,IT Specialist,Healthcare,1218172,Boston,4
291,Bob Johnson,john@example.com,8526014460,Beta LLC,HR Coordinator,Healthcare,9024081,Boston,5
292,Bob Johnson,charlie@example.com,2483235271,Beta LLC,Marketing Manager,Manufacturing,7489488,Chicago,2
293,Charlie Green,john@example.com,1476842948,Widgets Inc,Marketing Manager,Retail,7442722,Boston,2
294,Alice Brown,bob@example.com,9173152480,Beta LLC,IT Specialist,Retail,3048727,Los Angeles,1
295,Alice Brown,john@example.com,8991496442,Omega Ltd,IT Specialist,Manufacturing,4152880,San Francisco,1
296,Jane Smith,alice@example.com,9367845295,Gamma Co,CEO,Healthcare,8335962,Los Angeles,5
297,Alice Brown,john@example.com,4862917177,Widgets Inc,HR Coordinator,Healthcare,6081965,New York,1
298,Bob Johnson,charlie@example.com,3025720366,Omega Ltd,Marketing Manager,Manufacturing,8151376,Los Angeles,0
299,Jane Smith,jane@example.com,4979191032,Gamma Co,HR Coordinator,Finance,214739,Los Angeles,2
300,Alice Brown,bob@example.com,6241360363,Acme Corp,Sales Rep,Technology,2482753,New York,0
301,John Doe,charlie@example.com,2055884464,Beta LLC,Marketing Manager,Technology,8162579,San Francisco,4
302,John Doe,charlie@example.com,1339971189,Beta LLC,Marketing Manager,Manufacturing,8482748,Los Angeles,4
303,John Doe,alice@example.com,1066940700,Omega Ltd,IT Specialist,Finance,5997496,Boston,2
304,Charlie Green,alice@example.com,3424706481,Acme Corp,Marketing Manager,Finance,349727,Chicago,0
305,John Doe,charlie@example.com,3526080904,Acme Corp,CEO,Technology,4473742,Los Angeles,1
306,Bob Johnson,john@example.com,1042272936,Gamma Co,CEO,Finance,9214661,San Francisco,3
307,Charlie Green,alice@example.com,9824017518,Beta LLC,Sales Rep,Healthcare,2814225,Chicago,5
308,Jane Smith,john@example.com,2813894773,Widgets Inc,CEO,Technology,172806,Los Angeles,4
309,Charlie Green,jane@example.com,1275298914,Acme Corp,HR Coordinator,Manufacturing,7973434,San Francisco,1
310,John Doe,bob@example.com,8490207492,Widgets Inc,Sales Rep,Technology,3037285,San Francisco,1
311,Alice Brown,john@example.com,6701176087,Acme Corp,CEO,Manufacturing,1849735,New York,4
312,Alice Brown,alice@example.com,5803600902,Beta LLC,IT Specialist,Retail,5661020,New York,3
313,Jane Smith,alice@example.com,3394420800,Omega Ltd,HR Coordinator,Technology,2136935,Los Angeles,3
314,Alice Brown,charlie@example.com,5664497394,Omega Ltd,HR Coordinator,Retail,6314798,New York,2
315,Alice Brown,charlie@example.com,3092739620,Acme Corp,Marketing Manager,Retail,6288484,Chicago,1
316,Alice Brown,john@example.com,6538416409,Beta LLC,IT Specialist,Technology,103116,Los Angeles,2
317,Jane Smith,bob@example.com,1965291680,Omega Ltd,Marketing Manager,Technology,8484396,New York,1
318,Bob Johnson,bob@example.com,5232146022,Gamma Co,Sales Rep,Healthcare,4551287,New York,2
319,Jane Smith,john@example.com,2955565869,Acme Corp,Sales Rep,Finance,5231566,Los Angeles,4
320,Alice Brown,alice@example.com,6086213036,Acme Corp,Marketing Manager,Finance,9693974,Los Angeles,4
321,Bob Johnson,jane@example.com,4761759834,Gamma Co,Sales Rep,Technology,1341095,Los Angeles,1
322,John Doe,bob@example.com,9957117055,Acme Corp,HR Coordinator,Healthcare,8253263,New York,4
323,John Doe,bob@example.com,9311804870,Beta LLC,IT Specialist,Technology,3597361,Chicago,1
324,John Doe,alice@example.com,4716102468,Widgets Inc,CEO,Manufacturing,6884832,Los Angeles,3
325,Charlie Green,jane@example.com,9134397731,Gamma Co,IT Specialist,Healthcare,9889476,Chicago,5
326,John Doe,charlie@example.com,8751530239,Widgets Inc,Sales Rep,Technology,8867890,New York,2
327,Alice Brown,charlie@example.com,3913180894,Beta LLC,CEO,Technology,7222260,San Francisco,5
328,Jane Smith,jane@example.com,2466400315,Beta LLC,CEO,Manufacturing,9034330,Los Angeles,5
329,Jane Smith,bob@example.com,6764907813,Omega Ltd,HR Coordinator,Technology,4674285,New York,5
330,John Doe,charlie@example.com,1676851519,Omega Ltd,CEO,Finance,9761278,New York,2
331,Charlie Green,jane@example.com,9628621813,Gamma Co,CEO,Finance,2086598,San Francisco,3
332,Alice Brown,john@example.com,5826175580,Gamma Co,IT Specialist,Technology,9583509,Los Angeles,3
333,John Doe,jane@example.com,3423177017,Widgets Inc,CEO,Manufacturing,3065929,San Francisco,2
334,Charlie Green,alice@example.com,7585064935,Beta LLC,IT Specialist,Manufacturing,1511845,Boston,4
335,Charlie Green,bob@example.com,7904490959,Widgets Inc,IT Specialist,Manufacturing,7279181,Boston,5
336,Alice Brown,john@example.com,6971796839,Widgets Inc,Sales Rep,Finance,1764567,Boston,0
337,Jane Smith,john@example.com,4442104482,Gamma Co,Marketing Manager,Retail,6423353,San Francisco,5
338,Bob Johnson,bob@example.com,4708680175,Omega Ltd,Sales Rep,Retail,4493967,New York,1
339,Jane Smith,john@example.com,3137215979,Beta LLC,Marketing Manager,Manufacturing,7342389,Los Angeles,2
340,Bob Johnson,jane@example.com,3706959229,Widgets Inc,CEO,Manufacturing,1360572,Boston,5
341,Alice Brown,bob@example.com,3465915217,Beta LLC,IT Specialist,Technology,7441467,Los Angeles,0
342,Jane Smith,charlie@example.com,6930424527,Acme Corp,Marketing Manager,Healthcare,8805625,New York,3
343,Charlie Green,john@example.com,3099784630,Widgets Inc,Sales Rep,Manufacturing,8732843,New York,3
344,Jane Smith,charlie@example.com,6280994927,Omega Ltd,CEO,Retail,6456510,Los Angeles,2
345,Jane Smith,john@example.com,5293392148,Widgets Inc,Marketing Manager,Technology,2314344,Chicago,2
346,Jane Smith,jane@example.com,9639999805,Omega Ltd,HR Coordinator,Finance,5324786,Boston,0
347,Alice Brown,john@example.com,6199151261,Widgets Inc,Sales Rep,Retail,2273323,Boston,4
348,Alice Brown,john@example.com,1938662738,Acme Corp,Marketing Manager,Technology,898538,Los Angeles,2
349,John Doe,bob@example.com,2650682174,Gamma Co,IT Specialist,Healthcare,4170703,San Francisco,1
350,John Doe,charlie@example.com,1207823667,Widgets Inc,Marketing Manager,Healthcare,4841900,Chicago,3
351,Alice Brown,john@example.com,2226245068,Widgets Inc,Sales Rep,Healthcare,3474018,Los Angeles,5
352,Jane Smith,jane@example.com,5795433449,Acme Corp,CEO,Technology,6082215,Boston,5
353,Bob Johnson,charlie@example.com,3235825360,Omega Ltd,IT Specialist,Retail,7877183,San Francisco,1
354,Bob Johnson,jane@example.com,7164083969,Omega Ltd,IT Specialist,Finance,1096505,New York,1
355,Charlie Green,jane@example.com,8932421498,Widgets Inc,Sales Rep,Manufacturing,4956706,Boston,0
356,Alice Brown,bob@example.com,9504927868,Widgets Inc,Marketing Manager,Technology,479471,Boston,1
357,John Doe,bob@example.com,3768270000,Omega Ltd,HR Coordinator,Healthcare,9546332,San Francisco,4
358,Jane Smith,john@example.com,2926979553,Omega Ltd,Sales Rep,Manufacturing,7262034,New York,3
359,Charlie Green,john@example.com,5516078273,Omega Ltd,Sales Rep,Technology,3801636,San Francisco,5
360,Jane Smith,bob@example.com,2211494684,Gamma Co,CEO,Technology,9297083,Boston,5
361,John Doe,alice@example.com,3312707551,Gamma Co,Marketing Manager,Technology,9388639,Boston,4
362,Bob Johnson,alice@example.com,2162088146,Omega Ltd,HR Coordinator,Manufacturing,3329271,New York,5
363,Bob Johnson,john@example.com,7742093280,Gamma Co,HR Coordinator,Finance,2247666,New York,2
364,Jane Smith,john@example.com,7314069629,Acme Corp,Sales Rep,Manufacturing,3851908,Boston,4
365,John Doe,charlie@example.com,2205085772,Beta LLC,Sales Rep,Retail,7854860,Chicago,5
366,Jane Smith,bob@example.com,4046607662,Acme Corp,CEO,Finance,6271758,Los Angeles,0
367,Alice Brown,bob@example.com,7687443699,Gamma Co,Marketing Manager,Retail,2003427,San Francisco,4
368,Bob Johnson,alice@example.com,3303823127,Widgets Inc,HR Coordinator,Healthcare,1572630,Boston,0
369,Jane Smith,jane@example.com,9829455356,Beta LLC,CEO,Manufacturing,7797189,Chicago,3
370,Jane Smith,john@example.com,4767493386,Gamma Co,IT Specialist,Manufacturing,9514730,New York,4
371,Bob Johnson,charlie@example.com,5332516687,Widgets Inc,IT Specialist,Manufacturing,7662794,New York,1
372,John Doe,bob@example.com,3853863214,Beta LLC,CEO,Healthcare,3581619,New York,2
373,Alice Brown,bob@example.com,8326442191,Acme Corp,Marketing Manager,Manufacturing,9035115,San Francisco,5
374,Charlie Green,alice@example.com,6731032907,Beta LLC,Sales Rep,Retail,8362429,New York,5
375,Alice Brown,charlie@example.com,8922232851,Gamma Co,CEO,Retail,431294,San Francisco,1
376,Charlie Green,charlie@example.com,1381508708,Beta LLC,CEO,Manufacturing,2374995,San Francisco,5
377,John Doe,john@example.com,2569986829,Omega Ltd,HR Coordinator,Manufacturing,8639987,Los Angeles,1
378,Bob Johnson,alice@example.com,7812438401,Gamma Co,IT Specialist,Technology,4035636,Chicago,3
379,Jane Smith,bob@example.com,9534181799,Widgets Inc,IT Specialist,Retail,6993414,Los Angeles,3
380,Bob Johnson,bob@example.com,4815739900,Gamma Co,CEO,Finance,4480126,New York,3
381,Alice Brown,john@example.com,4843412775,Widgets Inc,Marketing Manager,Manufacturing,4805584,Chicago,5
382,John Doe,jane@example.com,7252779608,Gamma Co,HR Coordinator,Healthcare,6153217,Los Angeles,5
383,Charlie Green,jane@example.com,4168606240,Acme Corp,Marketing Manager,Retail,5794651,New York,2
384,Bob Johnson,jane@example.com,2928788067,Acme Corp,CEO,Healthcare,7870511,Chicago,1
385,Charlie Green,alice@example.com,7052594725,Gamma Co,HR Coordinator,Healthcare,2526424,San Francisco,3
386,Alice Brown,bob@example.com,2347805007,Acme Corp,Marketing Manager,Manufacturing,9711272,Chicago,5
387,Charlie Green,bob@example.com,1292182890,Widgets Inc,IT Specialist,Retail,4340676,Los Angeles,0
388,Charlie Green,jane@example.com,4037556735,Omega Ltd,IT Specialist,Healthcare,2631828,Los Angeles,4
389,Jane Smith,charlie@example.com,2364191228,Widgets Inc,Sales Rep,Healthcare,8445026,Chicago,3
390,Charlie Green,alice@example.com,6114454470,Omega Ltd,CEO,Manufacturing,6388490,Los Angeles,0
391,Jane Smith,jane@example.com,8792927601,Widgets Inc,Marketing Manager,Finance,2882108,Chicago,1
392,Jane Smith,charlie@example.com,5786831273,Omega Ltd,Sales Rep,Finance,9573126,New York,4
393,Jane Smith,jane@example.com,2352013597,Beta LLC,Marketing Manager,Retail,7440800,San Francisco,0
394,Alice Brown,jane@example.com,3259145464,Beta LLC,HR Coordinator,Healthcare,6832631,Boston,5
395,John Doe,alice@example.com,6202627830,Beta LLC,Marketing Manager,Retail,8874408,Los Angeles,3
396,Charlie Green,bob@example.com,9424083789,Acme Corp,CEO,Finance,1790984,Boston,4
397,John Doe,jane@example.com,5226163214,Gamma Co,Marketing Manager,Retail,1246805,Boston,2
398,Charlie Green,charlie@example.com,7917922939,Beta LLC,CEO,Healthcare,3078784,New York,3
399,Bob Johnson,charlie@example.com,8973440343,Acme Corp,CEO,Healthcare,9350319,New York,5
400,Jane Smith,bob@example.com,2981739586,Gamma Co,IT Specialist,Finance,7763727,Boston,4
401,Bob Johnson,alice@example.com,4313473229,Beta LLC,IT Specialist,Finance,614445,Los Angeles,3
402,John Doe,jane@example.com,3068084819,Widgets Inc,CEO,Technology,226588,Boston,2
403,Charlie Green,alice@example.com,1275854652,Widgets Inc,Sales Rep,Finance,6387486,Los Angeles,3
404,Alice Brown,john@example.com,4391667067,Beta LLC,IT Specialist,Manufacturing,7670218,New York,4
405,Jane Smith,bob@example.com,1215783931,Acme Corp,HR Coordinator,Retail,8024940,San Francisco,4
406,Alice Brown,jane@example.com,6026167407,Beta LLC,IT Specialist,Healthcare,9838325,New York,1
407,Charlie Green,john@example.com,2422050203,Beta LLC,Sales Rep,Technology,8885631,Chicago,3
408,Alice Brown,charlie@example.com,3149588271,Widgets Inc,HR Coordinator,Technology,4102010,Chicago,5
409,Alice Brown,charlie@example.com,9236464939,Widgets Inc,CEO,Finance,5333102,Chicago,3
410,Charlie Green,alice@example.com,8940128209,Omega Ltd,HR Coordinator,Healthcare,321614,New York,0
411,Jane Smith,john@example.com,6334901263,Widgets Inc,HR Coordinator,Technology,1682711,New York,0
412,Bob Johnson,alice@example.com,7048573943,Omega Ltd,Marketing Manager,Finance,1481046,Los Angeles,4
413,Bob Johnson,alice@example.com,4875550562,Beta LLC,Marketing Manager,Retail,6101357,Los Angeles,0
414,Alice Brown,bob@example.com,9309516473,Omega Ltd,HR Coordinator,Finance,9359346,Chicago,5
415,John Doe,john@example.com,6192441346,Beta LLC,CEO,Finance,3628939,New York,1
416,John Doe,john@example.com,4703618965,Acme Corp,Marketing Manager,Finance,6559293,Boston,1
417,Alice Brown,alice@example.com,1079526208,Gamma Co,HR Coordinator,Finance,5285053,Chicago,4
418,Alice Brown,jane@example.com,5006908560,Beta LLC,Marketing Manager,Retail,5872209,New York,3
419,Charlie Green,bob@example.com,6484570053,Beta LLC,IT Specialist,Technology,4046496,San Francisco,3
420,Charlie Green,alice@example.com,3309387732,Omega Ltd,Sales Rep,Manufacturing,9941746,Los Angeles,3
421,Alice Brown,john@example.com,4307849645,Acme Corp,HR Coordinator,Healthcare,3991218,San Francisco,4
422,John Doe,alice@example.com,4495948117,Acme Corp,Sales Rep,Healthcare,1144600,Boston,1
423,Alice Brown,john@example.com,4639368083,Omega Ltd,Sales Rep,Manufacturing,5497833,Chicago,5
424,Alice Brown,alice@example.com,9878409550,Omega Ltd,Sales Rep,Finance,9206738,Los Angeles,5
425,Alice Brown,jane@example.com,1532601666,Widgets Inc,HR Coordinator,Manufacturing,8685038,Chicago,2
426,Alice Brown,john@example.com,8527191912,Acme Corp,Sales Rep,Manufacturing,9454788,Boston,1
427,Charlie Green,alice@example.com,3270696019,Acme Corp,Marketing Manager,Manufacturing,2127757,San Francisco,5
428,Charlie Green,jane@example.com,7078098540,Omega Ltd,HR Coordinator,Healthcare,2260569,New York,2
429,Alice Brown,charlie@example.com,4760541719,Acme Corp,CEO,Finance,6761105,Los Angeles,5
430,Alice Brown,john@example.com,1121286715,Beta LLC,Sales Rep,Manufacturing,7868237,San Francisco,5
431,Bob Johnson,john@example.com,8366185941,Beta LLC,IT Specialist,Finance,3825789,New York,5
432,Bob Johnson,charlie@example.com,3771069253,Gamma Co,HR Coordinator,Technology,9081964,Boston,4
433,John Doe,jane@example.com,1776517796,Widgets Inc,Marketing Manager,Finance,1542670,San Francisco,5
434,Jane Smith,jane@example.com,2192695053,Acme Corp,CEO,Technology,5490271,New York,2
435,John Doe,jane@example.com,5721721789,Omega Ltd,Sales Rep,Retail,5845624,Chicago,4
436,Charlie Green,john@example.com,8277477044,Beta LLC,CEO,Retail,827570,Boston,5
437,Jane Smith,alice@example.com,5057107085,Omega Ltd,Sales Rep,Manufacturing,8110484,New York,3
438,Jane Smith,charlie@example.com,7340227672,Acme Corp,IT Specialist,Finance,8875974,Chicago,1
439,John Doe,alice@example.com,8067844759,Acme Corp,IT Specialist,Technology,6090131,San Francisco,4
440,Charlie Green,john@example.com,9840521060,Omega Ltd,Marketing Manager,Manufacturing,3924907,New York,5
441,Bob Johnson,charlie@example.com,1387296502,Beta LLC,Marketing Manager,Technology,4110167,Chicago,5
442,Alice Brown,charlie@example.com,2422031390,Acme Corp,IT Specialist,Technology,2480585,Boston,5
443,John Doe,bob@example.com,9108905066,Acme Corp,HR Coordinator,Technology,7986299,Boston,2
444,Charlie Green,jane@example.com,9675546060,Omega Ltd,Marketing Manager,Healthcare,9570488,Los Angeles,4
445,Charlie Green,jane@example.com,2437305490,Gamma Co,CEO,Technology,5081624,New York,4
446,Bob Johnson,jane@example.com,3569793541,Widgets Inc,Marketing Manager,Finance,9573089,Los Angeles,2
447,Alice Brown,jane@example.com,3807617344,Widgets Inc,Marketing Manager,Manufacturing,8347982,New York,0
448,Bob Johnson,john@example.com,2162806871,Omega Ltd,Marketing Manager,Manufacturing,3470518,Boston,0
449,Alice Brown,charlie@example.com,7183899841,Omega Ltd,CEO,Manufacturing,5369323,Boston,3
450,Jane Smith,bob@example.com,7223790713,Acme Corp,HR Coordinator,Finance,8687284,Los Angeles,3
451,John Doe,john@example.com,2086179984,Widgets Inc,Marketing Manager,Healthcare,9691329,New York,5
452,John Doe,bob@example.com,7407209618,Widgets Inc,HR Coordinator,Technology,5739150,Boston,3
453,Charlie Green,jane@example.com,5637412396,Beta LLC,Marketing Manager,Technology,1844890,San Francisco,0
454,Alice Brown,charlie@example.com,6711181240,Widgets Inc,Marketing Manager,Technology,3321208,San Francisco,3
455,Bob Johnson,alice@example.com,9022733465,Widgets Inc,Sales Rep,Finance,7488359,Los Angeles,0
456,Jane Smith,alice@example.com,3345384652,Widgets Inc,CEO,Manufacturing,2457911,Boston,1
457,Alice Brown,alice@example.com,5316708784,Beta LLC,Sales Rep,Technology,7617403,San Francisco,2
458,Alice Brown,bob@example.com,8932596725,Beta LLC,Sales Rep,Finance,7629542,Los Angeles,2
459,Jane Smith,bob@example.com,9901382106,Widgets Inc,IT Specialist,Technology,5038891,San Francisco,4
460,Bob Johnson,alice@example.com,9476064997,Gamma Co,Sales Rep,Finance,4434506,Los Angeles,2
461,Bob Johnson,bob@example.com,2680085297,Widgets Inc,CEO,Finance,7383600,Boston,4
462,Jane Smith,john@example.com,2525474781,Gamma Co,Marketing Manager,Manufacturing,8813289,New York,2
463,Jane Smith,alice@example.com,5689488033,Omega Ltd,Marketing Manager,Manufacturing,1061821,Boston,3
464,Alice Brown,charlie@example.com,2333387809,Beta LLC,IT Specialist,Healthcare,7774078,Los Angeles,1
465,Charlie Green,jane@example.com,3617074341,Acme Corp,Sales Rep,Healthcare,548972,Los Angeles,1
466,John Doe,bob@example.com,5708243875,Acme Corp,HR Coordinator,Finance,6777494,Chicago,3
467,Jane Smith,charlie@example.com,7757607173,Beta LLC,IT Specialist,Retail,892022,Chicago,4
468,Bob Johnson,alice@example.com,7815395574,Widgets Inc,Sales Rep,Retail,440228,Los Angeles,3
469,Bob Johnson,john@example.com,9729248326,Widgets Inc,HR Coordinator,Healthcare,4803238,New York,1
470,Jane Smith,bob@example.com,7158347850,Gamma Co,HR Coordinator,Technology,8631412,Chicago,2
471,Bob Johnson,bob@example.com,3154542363,Acme Corp,Sales Rep,Healthcare,7855000,New York,4
472,Bob Johnson,alice@example.com,7046864054,Widgets Inc,HR Coordinator,Retail,8073287,New York,3
473,Jane Smith,charlie@example.com,1455066543,Acme Corp,Sales Rep,Finance,3508637,San Francisco,5
474,John Doe,jane@example.com,4844855473,Acme Corp,Sales Rep,Finance,8943849,San Francisco,4
475,Charlie Green,jane@example.com,6098234522,Widgets Inc,Marketing Manager,Manufacturing,8923330,Boston,2
476,Alice Brown,alice@example.com,5526147454,Widgets Inc,Marketing Manager,Technology,4763985,New York,3
477,Bob Johnson,john@example.com,1304545364,Gamma Co,Marketing Manager,Retail,8261204,Los Angeles,0
478,Alice Brown,john@example.com,7874132733,Gamma Co,IT Specialist,Healthcare,4245666,Los Angeles,5
479,Bob Johnson,john@example.com,3732647972,Widgets Inc,Marketing Manager,Manufacturing,424748,Chicago,4
480,Jane Smith,charlie@example.com,9485644274,Omega Ltd,IT Specialist,Technology,8464166,Chicago,3
481,John Doe,charlie@example.com,7777079957,Acme Corp,HR Coordinator,Technology,8889723,San Francisco,4
482,Alice Brown,bob@example.com,7477323758,Omega Ltd,HR Coordinator,Retail,5658496,Chicago,0
483,Charlie Green,jane@example.com,4699257180,Widgets Inc,CEO,Healthcare,9963283,New York,4
484,Jane Smith,john@example.com,8942296736,Omega Ltd,Sales Rep,Technology,2440852,Los Angeles,4
485,Charlie Green,john@example.com,8269103955,Acme Corp,CEO,Technology,1307647,New York,2
486,Bob Johnson,alice@example.com,1638458554,Acme Corp,HR Coordinator,Finance,4400322,New York,4
487,Jane Smith,bob@example.com,5708419600,Widgets Inc,Sales Rep,Finance,4949478,Boston,3
488,Jane Smith,john@example.com,4259300182,Beta LLC,HR Coordinator,Retail,6334713,New York,3
489,Charlie Green,charlie@example.com,3033902374,Acme Corp,HR Coordinator,Finance,6313562,Los Angeles,0
490,Alice Brown,jane@example.com,8172995465,Omega Ltd,CEO,Manufacturing,7193424,New York,1
491,Bob Johnson,alice@example.com,9288670620,Omega Ltd,Sales Rep,Manufacturing,5938033,New York,2
492,Alice Brown,jane@example.com,1158491180,Gamma Co,Sales Rep,Technology,3928111,Chicago,1
493,Jane Smith,jane@example.com,8642679159,Omega Ltd,IT Specialist,Finance,904418,Boston,4
494,Charlie Green,jane@example.com,6873048286,Omega Ltd,Sales Rep,Finance,1307669,San Francisco,3
495,Jane Smith,bob@example.com,2332288746,Acme Corp,CEO,Finance,5808470,New York,2
496,John Doe,alice@example.com,2075464613,Omega Ltd,Marketing Manager,Healthcare,6323220,Los Angeles,0
497,Charlie Green,john@example.com,5144195518,Omega Ltd,CEO,Finance,7528361,New York,4
498,Alice Brown,charlie@example.com,6640028612,Omega Ltd,IT Specialist,Finance,509456,Los Angeles,2
499,Bob Johnson,jane@example.com,3716448781,Beta LLC,CEO,Manufacturing,1855813,Los Angeles,4
500,Charlie Green,john@example.com,7189620316,Gamma Co,Marketing Manager,Manufacturing,6145038,Chicago,0
501,Jane Smith,charlie@example.com,3069528086,Beta LLC,HR Coordinator,Finance,8391487,Los Angeles,1
502,Bob Johnson,bob@example.com,9926918044,Omega Ltd,Sales Rep,Technology,4902770,Chicago,4
503,Charlie Green,jane@example.com,7925363585,Acme Corp,Marketing Manager,Finance,9466999,Chicago,2
504,Jane Smith,bob@example.com,8974233808,Widgets Inc,Marketing Manager,Healthcare,9584468,Boston,2
505,Alice Brown,alice@example.com,1992713701,Omega Ltd,Marketing Manager,Retail,5741106,Boston,1
506,Jane Smith,bob@example.com,9203907140,Beta LLC,CEO,Finance,3863374,Boston,1
507,Charlie Green,alice@example.com,8832834813,Acme Corp,HR Coordinator,Manufacturing,7741867,Chicago,2
508,Charlie Green,charlie@example.com,3913804308,Gamma Co,IT Specialist,Technology,3641673,Boston,2
509,Alice Brown,charlie@example.com,7773902229,Beta LLC,Sales Rep,Technology,2991494,Chicago,1
510,Charlie Green,alice@example.com,6595260894,Widgets Inc,IT Specialist,Healthcare,2472302,Chicago,4
511,John Doe,john@example.com,2698153130,Omega Ltd,CEO,Manufacturing,6650923,Chicago,3
512,Jane Smith,alice@example.com,2402922829,Omega Ltd,HR Coordinator,Manufacturing,8469224,Los Angeles,4
513,Bob Johnson,charlie@example.com,8264369715,Omega Ltd,CEO,Finance,2613451,Chicago,2
514,John Doe,john@example.com,1020050060,Omega Ltd,Marketing Manager,Finance,3550414,Los Angeles,4
515,Charlie Green,bob@example.com,9789880695,Gamma Co,HR Coordinator,Technology,8972760,New York,2
516,John Doe,jane@example.com,1745177201,Widgets Inc,HR Coordinator,Retail,2651898,Boston,0
517,Alice Brown,bob@example.com,8685579152,Gamma Co,CEO,Manufacturing,1308278,Boston,1
518,John Doe,john@example.com,3267969485,Beta LLC,CEO,Finance,2056562,New York,4
519,John Doe,bob@example.com,6150250734,Beta LLC,IT Specialist,Finance,6816607,Chicago,4
520,Jane Smith,john@example.com,1233922134,Widgets Inc,HR Coordinator,Finance,6973440,Chicago,5
521,Alice Brown,alice@example.com,7831253770,Gamma Co,CEO,Retail,8552083,Boston,0
522,Charlie Green,bob@example.com,2812354596,Acme Corp,Sales Rep,Finance,4251142,Chicago,1
523,Bob Johnson,jane@example.com,1669468028,Beta LLC,IT Specialist,Healthcare,9012182,San Francisco,4
524,John Doe,bob@example.com,2422059490,Omega Ltd,Marketing Manager,Healthcare,2539072,Boston,5
525,Alice Brown,alice@example.com,9596004903,Omega Ltd,CEO,Technology,9124405,San Francisco,0
526,Jane Smith,john@example.com,5022517569,Omega Ltd,HR Coordinator,Technology,3108168,New York,3
527,Bob Johnson,jane@example.com,6564830816,Widgets Inc,Marketing Manager,Manufacturing,2025469,Chicago,1
528,Jane Smith,bob@example.com,3989852225,Widgets Inc,Sales Rep,Retail,4164385,New York,2
529,Bob Johnson,jane@example.com,1877021454,Widgets Inc,CEO,Finance,2460815,Los Angeles,3
530,Alice Brown,alice@example.com,9272520259,Omega Ltd,Sales Rep,Manufacturing,7590322,Boston,0
531,John Doe,alice@example.com,8071732010,Gamma Co,HR Coordinator,Finance,6100329,Los Angeles,1
532,Charlie Green,charlie@example.com,3962726798,Omega Ltd,Marketing Manager,Finance,4095245,Boston,0
533,Bob Johnson,charlie@example.com,6237437591,Omega Ltd,Sales Rep,Technology,9183909,Los Angeles,1
534,John Doe,bob@example.com,8981405043,Widgets Inc,CEO,Healthcare,1905602,Los Angeles,2
535,John Doe,jane@example.com,6755355796,Widgets Inc,CEO,Finance,4021572,Chicago,4
536,Charlie Green,charlie@example.com,5951247233,Acme Corp,IT Specialist,Technology,7327843,Chicago,2
537,Jane Smith,bob@example.com,6356628395,Omega Ltd,Marketing Manager,Manufacturing,5604882,Boston,5
538,Bob Johnson,bob@example.com,6045302882,Acme Corp,Marketing Manager,Healthcare,2040015,San Francisco,3
539,Charlie Green,charlie@example.com,6136765024,Omega Ltd,CEO,Manufacturing,785512,Boston,4
540,Charlie Green,jane@example.com,6880920524,Gamma Co,CEO,Technology,9755208,Boston,3
541,Alice Brown,alice@example.com,3521327007,Widgets Inc,Sales Rep,Healthcare,6491326,Chicago,2
542,Jane Smith,charlie@example.com,9753655892,Gamma Co,CEO,Retail,6721363,Boston,0
543,Bob Johnson,jane@example.com,2920656053,Widgets Inc,Sales Rep,Healthcare,3566278,Boston,5
544,Alice Brown,charlie@example.com,5212965875,Widgets Inc,Sales Rep,Finance,5906228,San Francisco,0
545,Charlie Green,john@example.com,1630108259,Omega Ltd,Marketing Manager,Healthcare,9718716,New York,3
546,Bob Johnson,bob@example.com,7911968791,Beta LLC,IT Specialist,Technology,4436859,San Francisco,1
547,Jane Smith,bob@example.com,3045389598,Widgets Inc,IT Specialist,Finance,7002914,Los Angeles,5
548,John Doe,bob@example.com,3792607233,Acme Corp,HR Coordinator,Technology,1508509,Los Angeles,3
549,Charlie Green,jane@example.com,9281955146,Acme Corp,Sales Rep,Finance,4429014,Chicago,5
550,John Doe,bob@example.com,5940736925,Acme Corp,IT Specialist,Technology,9428267,Los Angeles,3
551,Jane Smith,charlie@example.com,1789759954,Beta LLC,Sales Rep,Manufacturing,3266823,Boston,1
552,Jane Smith,john@example.com,1759521530,Gamma Co,IT Specialist,Technology,396260,San Francisco,2
553,Bob Johnson,bob@example.com,4333824197,Widgets Inc,HR Coordinator,Healthcare,3695906,New York,5
554,John Doe,jane@example.com,4797548594,Gamma Co,Sales Rep,Finance,1988105,Boston,3
555,Bob Johnson,jane@example.com,8955761687,Beta LLC,Sales Rep,Retail,6137203,New York,0
556,Charlie Green,bob@example.com,6990898251,Beta LLC,CEO,Finance,2983912,Chicago,5
557,Jane Smith,alice@example.com,7162535222,Beta LLC,Sales Rep,Retail,6660347,Boston,3
558,Jane Smith,alice@example.com,6956446034,Beta LLC,IT Specialist,Technology,1625161,New York,1
559,Charlie Green,jane@example.com,6944725232,Beta LLC,HR Coordinator,Technology,1087968,Los Angeles,0
560,Bob Johnson,bob@example.com,7565091678,Beta LLC,HR Coordinator,Healthcare,6981213,New York,2
561,Alice Brown,alice@example.com,3375495169,Gamma Co,HR Coordinator,Technology,5417446,Los Angeles,4
562,Charlie Green,jane@example.com,7666304377,Widgets Inc,Sales Rep,Finance,6426531,Los Angeles,4
563,Jane Smith,alice@example.com,6257268062,Acme Corp,Marketing Manager,Finance,7889407,New York,4
564,John Doe,john@example.com,5981502700,Gamma Co,Sales Rep,Retail,7358854,Boston,1
565,Jane Smith,alice@example.com,9476257706,Widgets Inc,IT Specialist,Technology,4593548,Boston,2
566,John Doe,charlie@example.com,2654914174,Widgets Inc,HR Coordinator,Healthcare,6218433,Chicago,5
567,John Doe,alice@example.com,3189468780,Beta LLC,HR Coordinator,Healthcare,6052294,San Francisco,4
568,Alice Brown,john@example.com,2014908840,Beta LLC,IT Specialist,Retail,6153120,New York,1
569,Jane Smith,alice@example.com,4619589697,Beta LLC,Sales Rep,Retail,9616966,Chicago,1
570,Jane Smith,bob@example.com,6295764687,Beta LLC,IT Specialist,Finance,2392724,New York,4
571,John Doe,bob@example.com,3300696644,Beta LLC,CEO,Technology,6081020,New York,4
572,Alice Brown,charlie@example.com,5958172697,Widgets Inc,IT Specialist,Manufacturing,7536490,San Francisco,5
573,Charlie Green,john@example.com,2756051146,Acme Corp,CEO,Healthcare,9366522,Los Angeles,1
574,Bob Johnson,john@example.com,3008319509,Omega Ltd,Sales Rep,Healthcare,2531271,New York,1
575,John Doe,bob@example.com,2363836825,Omega Ltd,Marketing Manager,Retail,2660820,Boston,5
576,Jane Smith,jane@example.com,8072251574,Omega Ltd,Sales Rep,Healthcare,4595465,New York,0
577,Jane Smith,charlie@example.com,8010545647,Widgets Inc,HR Coordinator,Manufacturing,7607572,Chicago,4
578,John Doe,charlie@example.com,4722579693,Gamma Co,CEO,Healthcare,3534577,Los Angeles,0
579,John Doe,bob@example.com,3791771214,Beta LLC,CEO,Retail,1598727,Los Angeles,5
580,Alice Brown,bob@example.com,2170954225,Widgets Inc,IT Specialist,Healthcare,1855761,Boston,1
581,Jane Smith,charlie@example.com,2349429420,Omega Ltd,Marketing Manager,Healthcare,5757739,San Francisco,4
582,Alice Brown,jane@example.com,8734070667,Acme Corp,HR Coordinator,Finance,9143585,Boston,3
583,Charlie Green,jane@example.com,2103984776,Beta LLC,HR Coordinator,Healthcare,9713704,Chicago,3
584,Jane Smith,jane@example.com,2523482298,Beta LLC,HR Coordinator,Retail,4088641,San Francisco,0
585,Bob Johnson,john@example.com,4684912152,Gamma Co,Marketing Manager,Healthcare,6123926,New York,4
586,John Doe,john@example.com,5318682691,Widgets Inc,Marketing Manager,Healthcare,1221990,San Francisco,2
587,Bob Johnson,jane@example.com,5296727262,Widgets Inc,Sales Rep,Retail,8885820,Boston,2
588,Jane Smith,jane@example.com,1344107870,Beta LLC,Marketing Manager,Technology,9447564,Los Angeles,3
589,Charlie Green,john@example.com,7695382984,Gamma Co,IT Specialist,Finance,7779305,Boston,0
590,Charlie Green,alice@example.com,7443714548,Widgets Inc,HR Coordinator,Finance,5588378,Los Angeles,1
591,Charlie Green,john@example.com,4869054251,Acme Corp,Marketing Manager,Technology,8268444,New York,4
592,John Doe,jane@example.com,2941552229,Beta LLC,IT Specialist,Healthcare,4973372,Boston,4
593,Jane Smith,bob@example.com,6020797340,Acme Corp,Sales Rep,Healthcare,1033644,Boston,3
594,Alice Brown,john@example.com,7060772142,Beta LLC,Sales Rep,Technology,5175517,Chicago,0
595,Charlie Green,jane@example.com,1637447893,Gamma Co,IT Specialist,Manufacturing,2760419,Chicago,5
596,Alice Brown,jane@example.com,1274457164,Acme Corp,Marketing Manager,Manufacturing,6673141,Boston,5
597,John Doe,charlie@example.com,3308322381,Widgets Inc,CEO,Finance,600006,Boston,0
598,Bob Johnson,alice@example.com,2364098877,Widgets Inc,IT Specialist,Technology,3091200,Chicago,2
599,John Doe,bob@example.com,2295819578,Acme Corp,CEO,Finance,4633536,Boston,0
600,John Doe,charlie@example.com,7316023450,Gamma Co,CEO,Finance,3429756,New York,0
601,Bob Johnson,john@example.com,9810945424,Omega Ltd,HR Coordinator,Retail,8041772,San Francisco,0
602,Alice Brown,charlie@example.com,8816440178,Gamma Co,HR Coordinator,Finance,2296953,Boston,0
603,Charlie Green,bob@example.com,9212945942,Widgets Inc,HR Coordinator,Finance,4309961,San Francisco,5
604,Bob Johnson,charlie@example.com,1809703152,Omega Ltd,Marketing Manager,Healthcare,7218537,Chicago,2
605,John Doe,john@example.com,3173282608,Gamma Co,Marketing Manager,Technology,6844698,Boston,4
606,Jane Smith,charlie@example.com,3167506597,Beta LLC,Marketing Manager,Finance,9216296,Chicago,1
607,Charlie Green,john@example.com,6526051969,Acme Corp,Marketing Manager,Finance,2771043,Chicago,0
608,John Doe,bob@example.com,1051939846,Widgets Inc,CEO,Manufacturing,1296295,Los Angeles,1
609,John Doe,jane@example.com,5457788153,Beta LLC,Marketing Manager,Healthcare,7399113,Chicago,3
610,Charlie Green,jane@example.com,8556561103,Widgets Inc,HR Coordinator,Healthcare,8441978,San Francisco,2
611,Alice Brown,john@example.com,9154806917,Beta LLC,IT Specialist,Technology,2851688,Boston,0
612,John Doe,alice@example.com,7184469404,Beta LLC,Sales Rep,Retail,5587089,San Francisco,3
613,Bob Johnson,charlie@example.com,3064129620,Acme Corp,HR Coordinator,Finance,8583685,San Francisco,2
614,John Doe,jane@example.com,3920224963,Gamma Co,CEO,Retail,9666833,Los Angeles,5
615,Charlie Green,alice@example.com,8607681350,Beta LLC,Marketing Manager,Retail,1039641,Chicago,4
616,Charlie Green,alice@example.com,1099827483,Gamma Co,CEO,Healthcare,4619606,Los Angeles,5
617,John Doe,bob@example.com,7507593594,Gamma Co,Sales Rep,Finance,7330022,Boston,5
618,Jane Smith,charlie@example.com,4969909310,Acme Corp,CEO,Technology,9912422,Los Angeles,5
619,Charlie Green,bob@example.com,1460201387,Beta LLC,Sales Rep,Retail,2982835,San Francisco,0
620,John Doe,jane@example.com,2445321691,Widgets Inc,HR Coordinator,Technology,5788031,Chicago,1
621,Bob Johnson,john@example.com,2561387138,Widgets Inc,CEO,Manufacturing,955439,San Francisco,1
622,Alice Brown,bob@example.com,4205964517,Acme Corp,CEO,Finance,4296377,San Francisco,4
623,John Doe,john@example.com,7016715290,Acme Corp,IT Specialist,Retail,2513643,San Francisco,0
624,Charlie Green,charlie@example.com,4295322632,Acme Corp,HR Coordinator,Healthcare,9481281,New York,4
625,Charlie Green,jane@example.com,2827535000,Gamma Co,HR Coordinator,Manufacturing,7584852,Los Angeles,5
626,John Doe,alice@example.com,7985686728,Omega Ltd,CEO,Retail,7321645,New York,2
627,Alice Brown,jane@example.com,3146614979,Beta LLC,HR Coordinator,Finance,7675113,Los Angeles,5
628,Jane Smith,bob@example.com,2656977270,Gamma Co,CEO,Manufacturing,294789,Boston,2
629,Bob Johnson,charlie@example.com,6192378546,Widgets Inc,Marketing Manager,Healthcare,2107067,Boston,5
630,Jane Smith,john@example.com,5350135694,Widgets Inc,Sales Rep,Technology,3166915,San Francisco,3
631,Charlie Green,alice@example.com,2669813491,Beta LLC,CEO,Healthcare,7693139,San Francisco,3
632,Alice Brown,alice@example.com,6991454681,Omega Ltd,Marketing Manager,Manufacturing,1333729,Chicago,3
633,John Doe,john@example.com,9264073567,Beta LLC,HR Coordinator,Manufacturing,1761227,New York,4
634,John Doe,charlie@example.com,1291600214,Beta LLC,Sales Rep,Retail,767123,Chicago,5
635,Alice Brown,alice@example.com,4466450116,Gamma Co,Sales Rep,Finance,615044,San Francisco,2
636,Bob Johnson,alice@example.com,7900412229,Omega Ltd,Sales Rep,Healthcare,5439473,Los Angeles,2
637,Alice Brown,alice@example.com,7722800905,Beta LLC,HR Coordinator,Retail,8251448,Boston,3
638,John Doe,jane@example.com,1296638184,Gamma Co,Marketing Manager,Healthcare,1959699,Los Angeles,1
639,Bob Johnson,john@example.com,7178224718,Acme Corp,IT Specialist,Healthcare,2959662,San Francisco,5
640,Bob Johnson,alice@example.com,1965963319,Widgets Inc,Marketing Manager,Healthcare,1401738,New York,1
641,Jane Smith,john@example.com,8628808987,Gamma Co,Sales Rep,Retail,3183615,Boston,5
642,John Doe,alice@example.com,4103555072,Widgets Inc,HR Coordinator,Finance,5965159,Boston,1
643,Bob Johnson,john@example.com,2423844829,Widgets Inc,Marketing Manager,Manufacturing,517212,New York,3
644,Charlie Green,charlie@example.com,5253015912,Omega Ltd,Sales Rep,Retail,5580909,New York,4
645,Alice Brown,john@example.com,3257065430,Widgets Inc,Sales Rep,Technology,451848,Los Angeles,1
646,Jane Smith,jane@example.com,1697677835,Gamma Co,Marketing Manager,Technology,571020,New York,4
647,Bob Johnson,bob@example.com,6776519732,Acme Corp,Marketing Manager,Retail,4628333,Los Angeles,1
648,Jane Smith,charlie@example.com,4026397670,Widgets Inc,HR Coordinator,Manufacturing,1731136,San Francisco,4
649,John Doe,john@example.com,3610915686,Widgets Inc,Sales Rep,Finance,639197,Boston,2
650,John Doe,bob@example.com,3801194957,Acme Corp,CEO,Finance,6566624,Los Angeles,5
651,Charlie Green,bob@example.com,4657319324,Omega Ltd,Sales Rep,Technology,5600803,Los Angeles,2
652,Jane Smith,john@example.com,5551893140,Acme Corp,IT Specialist,Retail,7606696,San Francisco,3
653,Bob Johnson,jane@example.com,6525880206,Beta LLC,Marketing Manager,Retail,7344461,Los Angeles,2
654,Bob Johnson,bob@example.com,8481363629,Acme Corp,HR Coordinator,Healthcare,1087204,San Francisco,2
655,Alice Brown,jane@example.com,7789443620,Widgets Inc,Sales Rep,Manufacturing,9392486,New York,5
656,Bob Johnson,jane@example.com,1410655361,Beta LLC,Marketing Manager,Retail,443271,New York,4
657,Alice Brown,charlie@example.com,3074336873,Omega Ltd,IT Specialist,Finance,8173622,Boston,4
658,Alice Brown,charlie@example.com,3896120444,Beta LLC,Marketing Manager,Manufacturing,7047763,Los Angeles,3
659,Charlie Green,jane@example.com,5473846885,Omega Ltd,HR Coordinator,Technology,1317483,Los Angeles,1
660,Charlie Green,charlie@example.com,7672491223,Omega Ltd,Marketing Manager,Healthcare,6452381,San Francisco,2
661,John Doe,charlie@example.com,2248433043,Beta LLC,CEO,Retail,9593732,Chicago,1
662,Alice Brown,jane@example.com,8142578662,Widgets Inc,IT Specialist,Retail,5275014,San Francisco,3
663,Jane Smith,bob@example.com,5407863714,Beta LLC,Marketing Manager,Technology,7674163,Los Angeles,1
664,Charlie Green,jane@example.com,2523459255,Omega Ltd,IT Specialist,Healthcare,8892715,New York,2
665,Jane Smith,jane@example.com,5967627189,Acme Corp,HR Coordinator,Retail,2838595,New York,2
666,Charlie Green,bob@example.com,5931886454,Acme Corp,Sales Rep,Retail,7166051,New York,4
667,Jane Smith,charlie@example.com,4566988511,Omega Ltd,HR Coordinator,Technology,4671078,New York,2
668,Charlie Green,alice@example.com,8087708028,Beta LLC,Sales Rep,Retail,835929,Chicago,3
669,Jane Smith,jane@example.com,4393372027,Gamma Co,IT Specialist,Finance,2349376,New York,5
670,Bob Johnson,alice@example.com,9849432577,Beta LLC,HR Coordinator,Retail,3410317,New York,2
671,John Doe,alice@example.com,3192131500,Beta LLC,IT Specialist,Technology,8636932,Boston,2
672,Bob Johnson,alice@example.com,2007744744,Omega Ltd,IT Specialist,Finance,6065713,Los Angeles,0
673,Bob Johnson,bob@example.com,6626714780,Gamma Co,Marketing Manager,Technology,4750288,Los Angeles,1
674,John Doe,charlie@example.com,4500960351,Omega Ltd,Sales Rep,Retail,399044,San Francisco,5
675,Bob Johnson,john@example.com,1096487077,Beta LLC,HR Coordinator,Healthcare,9711964,San Francisco,5
676,Alice Brown,charlie@example.com,9888019464,Widgets Inc,Marketing Manager,Retail,2244970,San Francisco,3
677,Charlie Green,jane@example.com,8068527021,Beta LLC,CEO,Technology,2252232,Boston,5
678,Alice Brown,bob@example.com,4004692432,Beta LLC,Sales Rep,Technology,4661991,Boston,5
679,Jane Smith,bob@example.com,6395542002,Acme Corp,Marketing Manager,Manufacturing,4015798,Los Angeles,1
680,John Doe,alice@example.com,1513405357,Widgets Inc,HR Coordinator,Retail,3591246,Chicago,3
681,John Doe,bob@example.com,4331235145,Beta LLC,Sales Rep,Healthcare,3571405,Chicago,5
682,Bob Johnson,alice@example.com,2461811051,Omega Ltd,CEO,Manufacturing,4955932,San Francisco,3
683,Jane Smith,bob@example.com,2499669515,Omega Ltd,Sales Rep,Healthcare,1092993,Chicago,2
684,John Doe,john@example.com,8086437780,Gamma Co,IT Specialist,Manufacturing,4734664,New York,1
685,John Doe,charlie@example.com,8524438118,Gamma Co,Marketing Manager,Finance,5884137,San Francisco,2
686,John Doe,john@example.com,7906941446,Acme Corp,HR Coordinator,Healthcare,4640957,Chicago,2
687,John Doe,alice@example.com,1618936700,Beta LLC,CEO,Finance,166062,Los Angeles,4
688,John Doe,bob@example.com,8578462299,Gamma Co,Marketing Manager,Finance,8722865,Boston,3
689,Jane Smith,john@example.com,2944680548,Omega Ltd,CEO,Finance,3999819,New York,5
690,Jane Smith,charlie@example.com,8474435926,Omega Ltd,Sales Rep,Manufacturing,9013101,Chicago,0
691,Jane Smith,john@example.com,3964048315,Gamma Co,HR Coordinator,Technology,5276899,Chicago,4
692,Charlie Green,charlie@example.com,5488493584,Gamma Co,Marketing Manager,Retail,2928691,Boston,5
693,Charlie Green,bob@example.com,6381210153,Acme Corp,Marketing Manager,Technology,734881,Los Angeles,5
694,Jane Smith,john@example.com,7550412637,Omega Ltd,Marketing Manager,Manufacturing,2976721,Los Angeles,5
695,John Doe,john@example.com,6364276830,Gamma Co,CEO,Finance,7722879,Los Angeles,1
696,John Doe,jane@example.com,2057833365,Omega Ltd,HR Coordinator,Manufacturing,7908165,Chicago,4
697,John Doe,jane@example.com,6413791138,Omega Ltd,Marketing Manager,Manufacturing,5793242,Boston,1
698,Charlie Green,bob@example.com,6415601749,Gamma Co,HR Coordinator,Retail,2404961,Los Angeles,5
699,John Doe,jane@example.com,2941555470,Beta LLC,Marketing Manager,Retail,3199551,Boston,5
700,Charlie Green,alice@example.com,4100049652,Beta LLC,CEO,Retail,7158657,San Francisco,1
701,Charlie Green,charlie@example.com,6155860984,Gamma Co,Marketing Manager,Retail,659956,New York,1
702,Bob Johnson,charlie@example.com,7452255293,Omega Ltd,HR Coordinator,Retail,4835131,New York,1
703,Alice Brown,bob@example.com,3626409153,Acme Corp,CEO,Healthcare,4338203,New York,1
704,Charlie Green,john@example.com,3961321784,Beta LLC,Sales Rep,Technology,6343062,New York,5
705,Jane Smith,alice@example.com,7057590441,Acme Corp,HR Coordinator,Healthcare,9164428,San Francisco,0
706,John Doe,alice@example.com,5054176728,Omega Ltd,CEO,Finance,320445,Boston,1
707,Bob Johnson,alice@example.com,8813870801,Acme Corp,Sales Rep,Finance,3094313,Los Angeles,0
708,John Doe,charlie@example.com,5521763102,Gamma Co,IT Specialist,Manufacturing,7054471,San Francisco,1
709,Charlie Green,alice@example.com,2132749502,Acme Corp,HR Coordinator,Manufacturing,7085590,San Francisco,4
710,Bob Johnson,charlie@example.com,8947326712,Acme Corp,Marketing Manager,Retail,3226522,Los Angeles,1
711,John Doe,alice@example.com,3119804719,Widgets Inc,Sales Rep,Finance,9260471,New York,5
712,Charlie Green,charlie@example.com,8114897015,Widgets Inc,Marketing Manager,Healthcare,5727718,New York,1
713,John Doe,jane@example.com,1795507092,Gamma Co,Marketing Manager,Finance,4392382,Chicago,3
714,Bob Johnson,charlie@example.com,8007745673,Omega Ltd,HR Coordinator,Manufacturing,7538038,Chicago,1
715,John Doe,charlie@example.com,2144780617,Acme Corp,Marketing Manager,Technology,1156496,Los Angeles,5
716,John Doe,john@example.com,2311884444,Widgets Inc,Sales Rep,Manufacturing,7575352,Chicago,0
717,Jane Smith,john@example.com,8886918134,Gamma Co,HR Coordinator,Retail,7172734,Boston,1
718,John Doe,jane@example.com,4472548672,Beta LLC,Sales Rep,Technology,4070385,San Francisco,5
719,Jane Smith,alice@example.com,2161549982,Gamma Co,Sales Rep,Manufacturing,8961812,Boston,2
720,Alice Brown,jane@example.com,5505217133,Widgets Inc,Sales Rep,Retail,4286178,New York,3
721,John Doe,charlie@example.com,5776835363,Omega Ltd,Marketing Manager,Manufacturing,7796382,Boston,1
722,Alice Brown,bob@example.com,6748924791,Widgets Inc,Marketing Manager,Healthcare,3492777,Los Angeles,3
723,Charlie Green,charlie@example.com,3301464349,Beta LLC,Marketing Manager,Finance,5523539,Los Angeles,4
724,Alice Brown,jane@example.com,1245445705,Beta LLC,Marketing Manager,Finance,9851756,Chicago,1
725,Bob Johnson,alice@example.com,9272548281,Omega Ltd,CEO,Technology,1119555,New York,0
726,Bob Johnson,alice@example.com,1372496154,Gamma Co,HR Coordinator,Technology,5131854,Chicago,5
727,John Doe,alice@example.com,1873468086,Acme Corp,HR Coordinator,Finance,6036204,Boston,0
728,Jane Smith,jane@example.com,3637693454,Omega Ltd,HR Coordinator,Technology,6470019,Boston,1
729,Charlie Green,john@example.com,6331238344,Omega Ltd,CEO,Retail,3422497,New York,4
730,Jane Smith,jane@example.com,4273691997,Widgets Inc,CEO,Manufacturing,8044899,Boston,0
731,Jane Smith,john@example.com,1119138109,Acme Corp,HR Coordinator,Technology,5255808,Boston,2
732,Charlie Green,alice@example.com,6703801377,Gamma Co,Marketing Manager,Finance,2499357,San Francisco,5
733,Jane Smith,bob@example.com,1438368015,Gamma Co,HR Coordinator,Manufacturing,3451989,Boston,0
734,Bob Johnson,alice@example.com,8926326910,Widgets Inc,Marketing Manager,Healthcare,8246556,Boston,4
735,Jane Smith,bob@example.com,5554791832,Omega Ltd,Sales Rep,Healthcare,5207734,New York,3
736,John Doe,charlie@example.com,4934035287,Omega Ltd,Marketing Manager,Healthcare,3315760,Boston,1
737,John Doe,bob@example.com,8230711991,Omega Ltd,HR Coordinator,Retail,1951523,Los Angeles,4
738,John Doe,john@example.com,1514030903,Gamma Co,Marketing Manager,Retail,1804194,Los Angeles,1
739,Bob Johnson,john@example.com,8862154896,Omega Ltd,HR Coordinator,Technology,6901596,Boston,0
740,Jane Smith,alice@example.com,5519658841,Widgets Inc,IT Specialist,Healthcare,6638615,New York,3
741,John Doe,jane@example.com,8093816073,Omega Ltd,IT Specialist,Technology,8185308,New York,4
742,Jane Smith,alice@example.com,2626364979,Beta LLC,HR Coordinator,Manufacturing,6016070,San Francisco,5
743,John Doe,charlie@example.com,9157655967,Beta LLC,CEO,Retail,8444913,Boston,1
744,John Doe,alice@example.com,8988032868,Acme Corp,CEO,Finance,791968,Boston,5
745,John Doe,alice@example.com,6336618247,Acme Corp,CEO,Manufacturing,4251269,San Francisco,4
746,Charlie Green,charlie@example.com,8166546627,Gamma Co,Marketing Manager,Retail,4266526,Boston,0
747,Jane Smith,charlie@example.com,6663129898,Beta LLC,Marketing Manager,Manufacturing,6114312,Boston,0
748,Alice Brown,alice@example.com,7651525849,Beta LLC,IT Specialist,Finance,7644778,San Francisco,1
749,Alice Brown,charlie@example.com,3739574780,Omega Ltd,Sales Rep,Retail,4382526,Boston,5
750,John Doe,jane@example.com,2607889074,Acme Corp,HR Coordinator,Technology,8045657,Los Angeles,0
751,Jane Smith,john@example.com,5679429650,Omega Ltd,IT Specialist,Manufacturing,5017198,Boston,1
752,Jane Smith,charlie@example.com,2259488049,Beta LLC,Sales Rep,Manufacturing,3728931,Los Angeles,3
753,Bob Johnson,john@example.com,7740320603,Gamma Co,HR Coordinator,Manufacturing,9474206,New York,4
754,Alice Brown,jane@example.com,2225715885,Widgets Inc,Sales Rep,Manufacturing,7983691,New York,4
755,Charlie Green,bob@example.com,5955607751,Widgets Inc,Sales Rep,Retail,2281651,Chicago,0
756,John Doe,jane@example.com,1318880600,Beta LLC,HR Coordinator,Healthcare,262668,Chicago,4
757,John Doe,jane@example.com,1831999648,Gamma Co,IT Specialist,Retail,5288635,Los Angeles,4
758,Charlie Green,bob@example.com,9481458703,Acme Corp,IT Specialist,Manufacturing,6232429,Boston,2
759,Charlie Green,jane@example.com,5000312219,Acme Corp,CEO,Retail,2698506,Chicago,0
760,Jane Smith,jane@example.com,4505619846,Widgets Inc,IT Specialist,Healthcare,1941883,Boston,3
761,Bob Johnson,john@example.com,2672063156,Widgets Inc,IT Specialist,Manufacturing,7470363,Boston,5
762,Alice Brown,charlie@example.com,4536557838,Omega Ltd,Marketing Manager,Retail,2750636,San Francisco,5
763,Alice Brown,john@example.com,5478933136,Acme Corp,CEO,Technology,8277715,New York,5
764,Bob Johnson,bob@example.com,5951153685,Widgets Inc,Marketing Manager,Retail,6760540,Los Angeles,5
765,Bob Johnson,jane@example.com,5077032729,Omega Ltd,Marketing Manager,Healthcare,765647,Boston,0
766,Jane Smith,jane@example.com,5643051469,Acme Corp,HR Coordinator,Finance,2885261,New York,1
767,John Doe,bob@example.com,8839139464,Widgets Inc,IT Specialist,Manufacturing,2083799,San Francisco,3
768,Charlie Green,alice@example.com,8543774009,Acme Corp,HR Coordinator,Manufacturing,1145857,Chicago,4
769,Charlie Green,alice@example.com,2260913862,Gamma Co,Marketing Manager,Manufacturing,4488534,Chicago,3
770,Alice Brown,john@example.com,2037403389,Omega Ltd,CEO,Healthcare,9968544,Boston,2
771,John Doe,jane@example.com,4396282365,Gamma Co,CEO,Finance,2570983,New York,4
772,Alice Brown,alice@example.com,2018125904,Widgets Inc,IT Specialist,Healthcare,9130135,San Francisco,3
773,John Doe,charlie@example.com,5313166209,Acme Corp,IT Specialist,Finance,5156788,Chicago,5
774,Bob Johnson,charlie@example.com,4811550807,Beta LLC,Marketing Manager,Retail,6689041,Chicago,4
775,John Doe,jane@example.com,1781731532,Acme Corp,Marketing Manager,Retail,819955,Boston,3
776,Bob Johnson,alice@example.com,4899887484,Omega Ltd,IT Specialist,Retail,1259373,San Francisco,2
777,John Doe,bob@example.com,1681047693,Omega Ltd,Marketing Manager,Healthcare,5921144,San Francisco,4
778,Bob Johnson,charlie@example.com,4834811201,Widgets Inc,HR Coordinator,Healthcare,8061338,Chicago,4
779,John Doe,john@example.com,5539995218,Omega Ltd,IT Specialist,Finance,9988988,New York,0
780,Charlie Green,jane@example.com,1691413030,Gamma Co,Marketing Manager,Retail,4397452,San Francisco,3
781,Bob Johnson,john@example.com,7933612753,Beta LLC,HR Coordinator,Retail,2185568,Boston,5
782,Jane Smith,john@example.com,8463720858,Beta LLC,Marketing Manager,Finance,4905613,Chicago,2
783,Alice Brown,alice@example.com,9732544233,Gamma Co,CEO,Retail,4105138,New York,1
784,Alice Brown,alice@example.com,7570487460,Acme Corp,Marketing Manager,Finance,1409138,New York,2
785,Bob Johnson,bob@example.com,2903517921,Omega Ltd,IT Specialist,Finance,192721,Boston,5
786,John Doe,alice@example.com,6104800259,Omega Ltd,CEO,Healthcare,8722008,Chicago,1
787,Alice Brown,jane@example.com,9535799218,Acme Corp,IT Specialist,Retail,7373491,New York,1
788,Jane Smith,bob@example.com,8433634965,Widgets Inc,Sales Rep,Retail,3127293,San Francisco,3
789,Bob Johnson,john@example.com,8827764150,Gamma Co,IT Specialist,Finance,7297576,Los Angeles,0
790,Jane Smith,alice@example.com,2998649128,Omega Ltd,IT Specialist,Retail,5748860,New York,3
791,Bob Johnson,charlie@example.com,2310136067,Acme Corp,IT Specialist,Healthcare,8932849,Boston,5
792,John Doe,bob@example.com,1581676807,Acme Corp,Marketing Manager,Healthcare,373167,New York,1
793,Alice Brown,alice@example.com,6341074518,Omega Ltd,HR Coordinator,Retail,8815844,Boston,0
794,John Doe,john@example.com,3844678273,Widgets Inc,HR Coordinator,Healthcare,4744371,Chicago,5
795,Charlie Green,jane@example.com,9450265595,Beta LLC,IT Specialist,Manufacturing,5221284,Chicago,4
796,Bob Johnson,charlie@example.com,2628067868,Acme Corp,HR Coordinator,Retail,8486438,Los Angeles,3
797,Jane Smith,jane@example.com,1927840968,Beta LLC,CEO,Manufacturing,2377452,San Francisco,4
798,Charlie Green,john@example.com,4420548858,Omega Ltd,Sales Rep,Healthcare,1926569,San Francisco,0
799,Charlie Green,charlie@example.com,6803822621,Acme Corp,CEO,Technology,1555309,San Francisco,4
800,Alice Brown,alice@example.com,1584836613,Acme Corp,Marketing Manager,Manufacturing,601388,Los Angeles,1
801,Alice Brown,charlie@example.com,1358646784,Omega Ltd,IT Specialist,Manufacturing,4360708,Boston,0
802,Alice Brown,alice@example.com,3515893199,Widgets Inc,HR Coordinator,Finance,2053107,New York,1
803,Jane Smith,jane@example.com,9826516821,Omega Ltd,Marketing Manager,Manufacturing,5149414,Chicago,0
804,Bob Johnson,jane@example.com,8074102712,Widgets Inc,Sales Rep,Healthcare,9739636,Chicago,3
805,Charlie Green,alice@example.com,3742025460,Gamma Co,CEO,Technology,1556465,Chicago,4
806,Alice Brown,john@example.com,5036300243,Widgets Inc,HR Coordinator,Finance,2022960,Los Angeles,1
807,Bob Johnson,alice@example.com,8941416762,Omega Ltd,IT Specialist,Finance,1551495,San Francisco,5
808,Bob Johnson,jane@example.com,1268514443,Acme Corp,IT Specialist,Finance,4041294,Boston,2
809,Charlie Green,alice@example.com,3512698891,Beta LLC,Sales Rep,Healthcare,8775281,Chicago,2
810,John Doe,charlie@example.com,6891315293,Widgets Inc,Marketing Manager,Technology,7467545,New York,5
811,John Doe,john@example.com,7531046477,Widgets Inc,Marketing Manager,Healthcare,4563614,Los Angeles,4
812,Alice Brown,jane@example.com,1343558604,Gamma Co,IT Specialist,Healthcare,775726,New York,3
813,Jane Smith,jane@example.com,7732628013,Acme Corp,Marketing Manager,Finance,7666402,Boston,5
814,Jane Smith,john@example.com,7626662039,Acme Corp,HR Coordinator,Retail,3137429,Chicago,2
815,Charlie Green,jane@example.com,3556415959,Omega Ltd,IT Specialist,Manufacturing,7953458,Chicago,3
816,Charlie Green,jane@example.com,3474000715,Omega Ltd,Marketing Manager,Technology,2968584,New York,5
817,Alice Brown,bob@example.com,9456843810,Acme Corp,Marketing Manager,Retail,2616498,Chicago,4
818,Bob Johnson,alice@example.com,3003238236,Beta LLC,Sales Rep,Finance,4438512,Los Angeles,5
819,John Doe,alice@example.com,5791250399,Widgets Inc,Sales Rep,Manufacturing,7424912,Boston,3
820,Alice Brown,charlie@example.com,7360495439,Beta LLC,Marketing Manager,Technology,7063701,Los Angeles,2
821,John Doe,charlie@example.com,4241499177,Beta LLC,IT Specialist,Finance,9050002,New York,5
822,Bob Johnson,alice@example.com,3981513205,Beta LLC,Marketing Manager,Retail,9901255,Boston,4
823,Jane Smith,alice@example.com,7725428486,Omega Ltd,Marketing Manager,Manufacturing,1332540,Chicago,3
824,Charlie Green,john@example.com,8980177399,Acme Corp,HR Coordinator,Manufacturing,3185208,Chicago,3
825,John Doe,charlie@example.com,6485327156,Beta LLC,IT Specialist,Retail,9109354,New York,5
826,John Doe,bob@example.com,3576647105,Widgets Inc,Marketing Manager,Finance,6011600,New York,1
827,Bob Johnson,bob@example.com,1611373870,Widgets Inc,IT Specialist,Technology,9506522,Los Angeles,1
828,Alice Brown,jane@example.com,9932211334,Beta LLC,HR Coordinator,Healthcare,7300018,New York,1
829,Jane Smith,jane@example.com,7810832894,Acme Corp,HR Coordinator,Manufacturing,3708983,San Francisco,2
830,Bob Johnson,bob@example.com,3045654788,Widgets Inc,CEO,Finance,6970163,Los Angeles,4
831,John Doe,john@example.com,3496954799,Widgets Inc,HR Coordinator,Finance,5717599,Boston,1
832,Alice Brown,alice@example.com,8133853778,Widgets Inc,Sales Rep,Retail,996585,Chicago,5
833,Bob Johnson,jane@example.com,9051006827,Omega Ltd,HR Coordinator,Technology,7193941,New York,4
834,Jane Smith,bob@example.com,6043423212,Omega Ltd,HR Coordinator,Technology,1047241,Chicago,4
835,Jane Smith,jane@example.com,7293535103,Beta LLC,IT Specialist,Healthcare,6939773,Los Angeles,3
836,Jane Smith,john@example.com,7969135283,Gamma Co,Sales Rep,Healthcare,7897081,Boston,3
837,Bob Johnson,jane@example.com,7311083989,Beta LLC,Sales Rep,Manufacturing,964802,San Francisco,1
838,John Doe,bob@example.com,7226230000,Beta LLC,Sales Rep,Technology,9028247,San Francisco,5
839,Bob Johnson,alice@example.com,7801195594,Acme Corp,HR Coordinator,Technology,486733,New York,3
840,Bob Johnson,bob@example.com,6100154163,Acme Corp,Marketing Manager,Finance,4000973,San Francisco,3
841,John Doe,bob@example.com,7373487824,Widgets Inc,Sales Rep,Technology,686812,San Francisco,1
842,Jane Smith,john@example.com,4706873625,Acme Corp,IT Specialist,Retail,3248095,Chicago,1
843,Bob Johnson,jane@example.com,3313656940,Beta LLC,Sales Rep,Technology,584067,Boston,3
844,Bob Johnson,jane@example.com,9039859330,Beta LLC,IT Specialist,Finance,4530267,Chicago,5
845,Bob Johnson,jane@example.com,4071007489,Omega Ltd,HR Coordinator,Healthcare,521882,New York,3
846,John Doe,alice@example.com,9722752816,Gamma Co,Sales Rep,Retail,3582414,New York,0
847,Charlie Green,john@example.com,1809948465,Gamma Co,HR Coordinator,Technology,9025311,San Francisco,4
848,John Doe,bob@example.com,6655576440,Acme Corp,CEO,Finance,8895028,New York,2
849,Bob Johnson,jane@example.com,4507300671,Gamma Co,HR Coordinator,Healthcare,6843290,New York,0
850,Jane Smith,bob@example.com,6191785570,Widgets Inc,CEO,Technology,5382752,Boston,5
851,Jane Smith,bob@example.com,6361179939,Beta LLC,HR Coordinator,Technology,611391,New York,1
852,Bob Johnson,alice@example.com,8985086643,Acme Corp,Sales Rep,Finance,2462317,Los Angeles,2
853,John Doe,alice@example.com,4330826897,Omega Ltd,Sales Rep,Technology,4281011,San Francisco,1
854,Jane Smith,alice@example.com,7028878953,Widgets Inc,IT Specialist,Manufacturing,9121691,Boston,0
855,Alice Brown,alice@example.com,3396154705,Widgets Inc,Marketing Manager,Retail,8616854,New York,4
856,Bob Johnson,alice@example.com,5793131632,Acme Corp,Sales Rep,Retail,5591805,New York,1
857,Jane Smith,bob@example.com,4035652572,Acme Corp,CEO,Technology,7215520,Los Angeles,4
858,John Doe,jane@example.com,8859681915,Beta LLC,HR Coordinator,Technology,2982425,Boston,4
859,Bob Johnson,charlie@example.com,6629264149,Acme Corp,Sales Rep,Healthcare,5265265,Chicago,0
860,Jane Smith,charlie@example.com,2206091798,Gamma Co,Marketing Manager,Technology,3928313,Los Angeles,3
861,Alice Brown,jane@example.com,4918390888,Acme Corp,IT Specialist,Manufacturing,1632522,Boston,4
862,Charlie Green,bob@example.com,5102137712,Gamma Co,IT Specialist,Technology,1209660,Los Angeles,0
863,Alice Brown,john@example.com,5276002750,Widgets Inc,CEO,Technology,7600885,Boston,1
864,John Doe,alice@example.com,9704336854,Acme Corp,HR Coordinator,Finance,8517931,Los Angeles,0
865,John Doe,alice@example.com,1720998341,Omega Ltd,HR Coordinator,Finance,9060336,Los Angeles,5
866,Alice Brown,bob@example.com,3762606716,Acme Corp,HR Coordinator,Finance,5885311,New York,2
867,John Doe,john@example.com,8163019705,Beta LLC,CEO,Healthcare,5437882,San Francisco,3
868,Bob Johnson,bob@example.com,2439764328,Gamma Co,Sales Rep,Technology,8725049,Chicago,3
869,Bob Johnson,alice@example.com,6094913642,Omega Ltd,Sales Rep,Finance,990540,San Francisco,5
870,Charlie Green,bob@example.com,8220859206,Omega Ltd,IT Specialist,Manufacturing,3707813,Los Angeles,2
871,Charlie Green,charlie@example.com,7909329592,Gamma Co,Sales Rep,Retail,2048386,San Francisco,4
872,Alice Brown,charlie@example.com,7626123086,Gamma Co,IT Specialist,Retail,720976,Chicago,2
873,Alice Brown,john@example.com,7634903301,Gamma Co,Marketing Manager,Healthcare,4224920,Chicago,5
874,John Doe,bob@example.com,5537161399,Omega Ltd,Marketing Manager,Healthcare,9314874,Chicago,3
875,Alice Brown,charlie@example.com,5009078848,Acme Corp,Sales Rep,Technology,2277780,San Francisco,3
876,Bob Johnson,jane@example.com,8322944589,Omega Ltd,IT Specialist,Healthcare,9445209,New York,3
877,Charlie Green,charlie@example.com,7550572570,Gamma Co,CEO,Finance,7598894,Los Angeles,5
878,Jane Smith,bob@example.com,1281292810,Acme Corp,HR Coordinator,Healthcare,6484760,San Francisco,3
879,John Doe,alice@example.com,5609374982,Beta LLC,CEO,Manufacturing,4752229,Los Angeles,2
880,Jane Smith,bob@example.com,8846371316,Widgets Inc,Sales Rep,Finance,3182959,New York,2
881,John Doe,charlie@example.com,9362968533,Omega Ltd,CEO,Manufacturing,2486615,Los Angeles,5
882,Bob Johnson,bob@example.com,3484448887,Omega Ltd,HR Coordinator,Healthcare,2511566,Los Angeles,3
883,Bob Johnson,bob@example.com,1697656866,Gamma Co,Sales Rep,Manufacturing,3059636,New York,5
884,Bob Johnson,bob@example.com,8428014742,Acme Corp,Marketing Manager,Healthcare,5668408,New York,2
885,Alice Brown,john@example.com,1722264831,Acme Corp,Sales Rep,Technology,8019292,Los Angeles,0
886,Charlie Green,bob@example.com,6346846003,Omega Ltd,HR Coordinator,Retail,4329121,San Francisco,2
887,Bob Johnson,bob@example.com,9728072419,Beta LLC,Sales Rep,Technology,4215781,Boston,2
888,Alice Brown,bob@example.com,7952229632,Widgets Inc,Marketing Manager,Manufacturing,4417171,Boston,3
889,Alice Brown,john@example.com,3511278513,Widgets Inc,Marketing Manager,Technology,3287308,Chicago,4
890,John Doe,john@example.com,2262002181,Widgets Inc,CEO,Technology,1378311,Los Angeles,3
891,Alice Brown,jane@example.com,7414249813,Widgets Inc,IT Specialist,Healthcare,6819081,San Francisco,3
892,Bob Johnson,alice@example.com,6613717268,Beta LLC,CEO,Finance,3287175,New York,3
893,John Doe,bob@example.com,1894131978,Acme Corp,IT Specialist,Finance,5355943,Chicago,2
894,Bob Johnson,jane@example.com,3567492087,Beta LLC,Marketing Manager,Finance,4974290,San Francisco,3
895,Jane Smith,alice@example.com,3803115707,Widgets Inc,HR Coordinator,Technology,6852803,New York,3
896,Charlie Green,john@example.com,3289570328,Gamma Co,Marketing Manager,Healthcare,5553573,Boston,0
897,John Doe,alice@example.com,2947850338,Beta LLC,IT Specialist,Healthcare,7848343,Los Angeles,5
898,Alice Brown,bob@example.com,8987144992,Omega Ltd,HR Coordinator,Healthcare,673369,San Francisco,5
899,John Doe,charlie@example.com,7538099401,Omega Ltd,Sales Rep,Manufacturing,9345363,San Francisco,2
900,Bob Johnson,john@example.com,1409644561,Gamma Co,HR Coordinator,Healthcare,1698837,Los Angeles,3
901,Alice Brown,alice@example.com,4955036630,Acme Corp,CEO,Finance,5545525,San Francisco,4
902,John Doe,jane@example.com,7459633800,Gamma Co,Marketing Manager,Healthcare,2158763,Los Angeles,4
903,Bob Johnson,jane@example.com,1790110734,Omega Ltd,Sales Rep,Technology,4622198,New York,3
904,Alice Brown,jane@example.com,1889000467,Widgets Inc,Marketing Manager,Finance,3675924,Boston,1
905,Charlie Green,alice@example.com,8623495907,Beta LLC,CEO,Retail,5781811,San Francisco,4
906,Charlie Green,alice@example.com,7111748674,Omega Ltd,CEO,Manufacturing,3559510,Los Angeles,3
907,Bob Johnson,charlie@example.com,9842658917,Widgets Inc,Marketing Manager,Technology,4423349,Los Angeles,1
908,Alice Brown,charlie@example.com,3764899887,Acme Corp,HR Coordinator,Retail,4452010,Chicago,0
909,Bob Johnson,bob@example.com,9166048607,Beta LLC,CEO,Healthcare,7787418,Boston,2
910,Bob Johnson,alice@example.com,1479467588,Acme Corp,HR Coordinator,Retail,6074912,Boston,0
911,Alice Brown,john@example.com,7054378125,Widgets Inc,Marketing Manager,Manufacturing,2445708,Chicago,2
912,John Doe,bob@example.com,5455604897,Omega Ltd,HR Coordinator,Technology,4985986,San Francisco,4
913,Charlie Green,jane@example.com,8419893479,Widgets Inc,HR Coordinator,Manufacturing,9438527,San Francisco,3
914,Charlie Green,bob@example.com,9740598241,Widgets Inc,HR Coordinator,Healthcare,4909245,Los Angeles,2
915,Charlie Green,alice@example.com,9731730770,Widgets Inc,HR Coordinator,Finance,2962518,San Francisco,4
916,Alice Brown,alice@example.com,2171373757,Beta LLC,Marketing Manager,Healthcare,7690923,San Francisco,4
917,John Doe,john@example.com,6236924318,Acme Corp,Sales Rep,Technology,9062349,San Francisco,2
918,Bob Johnson,charlie@example.com,5881217233,Widgets Inc,IT Specialist,Healthcare,2733823,Chicago,0
919,Bob Johnson,jane@example.com,6031192457,Beta LLC,Marketing Manager,Technology,5103695,Chicago,0
920,Bob Johnson,charlie@example.com,7399715415,Acme Corp,Marketing Manager,Finance,3550995,Chicago,0
921,Alice Brown,john@example.com,6589149145,Beta LLC,Marketing Manager,Manufacturing,3156656,New York,4
922,John Doe,alice@example.com,4067362421,Gamma Co,Sales Rep,Retail,8608080,Los Angeles,3
923,Charlie Green,alice@example.com,7050630498,Beta LLC,Marketing Manager,Finance,9068799,Boston,0
924,Jane Smith,bob@example.com,3769185400,Beta LLC,HR Coordinator,Technology,192640,Chicago,2
925,Alice Brown,jane@example.com,7946181722,Widgets Inc,IT Specialist,Healthcare,3706274,Chicago,3
926,John Doe,charlie@example.com,1601409793,Beta LLC,Sales Rep,Healthcare,4842388,New York,3
927,Charlie Green,john@example.com,7651012214,Gamma Co,IT Specialist,Retail,2299763,Los Angeles,0
928,Jane Smith,jane@example.com,2653416442,Beta LLC,CEO,Healthcare,9964050,Chicago,1
929,Jane Smith,bob@example.com,8488806928,Omega Ltd,HR Coordinator,Healthcare,4659162,San Francisco,0
930,Alice Brown,charlie@example.com,9211383567,Acme Corp,IT Specialist,Technology,6785241,New York,1
931,John Doe,jane@example.com,2126443406,Omega Ltd,HR Coordinator,Retail,5921764,Boston,1
932,Alice Brown,bob@example.com,1284278362,Widgets Inc,Sales Rep,Finance,734937,Chicago,1
933,Alice Brown,bob@example.com,1832164114,Beta LLC,Marketing Manager,Healthcare,3846414,New York,4
934,Charlie Green,jane@example.com,4713831466,Acme Corp,CEO,Manufacturing,5127309,Boston,5
935,Charlie Green,john@example.com,7147818119,Gamma Co,CEO,Manufacturing,6343099,Boston,1
936,John Doe,alice@example.com,1882027483,Widgets Inc,Marketing Manager,Healthcare,6041769,New York,2
937,Charlie Green,alice@example.com,4779452434,Gamma Co,HR Coordinator,Healthcare,1322562,Chicago,5
938,Charlie Green,bob@example.com,4116187933,Gamma Co,IT Specialist,Healthcare,6115825,Chicago,0
939,Bob Johnson,john@example.com,1186563314,Beta LLC,HR Coordinator,Retail,7426450,New York,2
940,John Doe,bob@example.com,7489892387,Acme Corp,IT Specialist,Retail,2637057,New York,3
941,Jane Smith,jane@example.com,6021807224,Beta LLC,HR Coordinator,Finance,9531591,New York,3
942,John Doe,jane@example.com,5457988311,Gamma Co,CEO,Manufacturing,1974118,New York,4
943,Charlie Green,alice@example.com,3015406218,Gamma Co,Sales Rep,Retail,4202942,Los Angeles,0
944,John Doe,john@example.com,1302953823,Omega Ltd,IT Specialist,Finance,9270251,Boston,1
945,Charlie Green,bob@example.com,6159373508,Widgets Inc,HR Coordinator,Retail,4213552,San Francisco,2
946,Charlie Green,charlie@example.com,1237885222,Beta LLC,CEO,Finance,1037773,San Francisco,0
947,Jane Smith,alice@example.com,9030329477,Omega Ltd,HR Coordinator,Retail,2539726,Los Angeles,2
948,Bob Johnson,bob@example.com,9036222124,Beta LLC,CEO,Technology,897261,Chicago,1
949,John Doe,jane@example.com,7368502507,Beta LLC,CEO,Retail,2229514,Los Angeles,4
950,Alice Brown,john@example.com,1617270776,Omega Ltd,CEO,Technology,1802137,Chicago,4
951,Bob Johnson,bob@example.com,7106275793,Omega Ltd,HR Coordinator,Technology,5635541,New York,0
952,Bob Johnson,bob@example.com,6613092432,Acme Corp,Sales Rep,Retail,3381697,Chicago,3
953,Jane Smith,john@example.com,3757444322,Widgets Inc,IT Specialist,Technology,991151,San Francisco,3
954,Charlie Green,alice@example.com,1152386484,Widgets Inc,IT Specialist,Finance,8268154,Chicago,4
955,Bob Johnson,jane@example.com,7199212981,Gamma Co,CEO,Finance,6084822,Chicago,0
956,John Doe,alice@example.com,8015117764,Acme Corp,CEO,Manufacturing,3970670,Chicago,5
957,Charlie Green,charlie@example.com,3671351825,Beta LLC,HR Coordinator,Healthcare,9796266,San Francisco,5
958,Charlie Green,bob@example.com,2587584926,Gamma Co,HR Coordinator,Manufacturing,9611483,Boston,2
959,Alice Brown,alice@example.com,1283928323,Widgets Inc,Sales Rep,Technology,766051,Los Angeles,3
960,Jane Smith,bob@example.com,6813179555,Gamma Co,Marketing Manager,Manufacturing,4548798,Boston,3
961,Jane Smith,bob@example.com,6677922733,Gamma Co,IT Specialist,Manufacturing,2574844,New York,2
962,Alice Brown,alice@example.com,7054253523,Widgets Inc,Marketing Manager,Retail,3889843,Chicago,0
963,John Doe,john@example.com,1430926364,Omega Ltd,IT Specialist,Healthcare,466361,New York,0
964,Charlie Green,bob@example.com,3410363261,Beta LLC,Sales Rep,Healthcare,9161946,New York,0
965,Jane Smith,charlie@example.com,1310095373,Acme Corp,Marketing Manager,Retail,4700523,San Francisco,2
966,John Doe,bob@example.com,8504059469,Omega Ltd,Sales Rep,Finance,9701078,San Francisco,5
967,Jane Smith,alice@example.com,6056003422,Acme Corp,CEO,Healthcare,9169194,New York,3
968,John Doe,jane@example.com,6026930797,Acme Corp,Marketing Manager,Retail,9457882,Boston,3
969,Jane Smith,john@example.com,9819332601,Acme Corp,HR Coordinator,Retail,1138060,Los Angeles,3
970,John Doe,charlie@example.com,9245509342,Widgets Inc,IT Specialist,Retail,7425701,Chicago,2
971,Alice Brown,bob@example.com,3814097554,Beta LLC,HR Coordinator,Manufacturing,9131945,Los Angeles,1
972,Jane Smith,bob@example.com,9763240440,Acme Corp,IT Specialist,Retail,839204,Boston,0
973,Bob Johnson,bob@example.com,1501730312,Gamma Co,Marketing Manager,Retail,8118476,San Francisco,4
974,Bob Johnson,alice@example.com,9716506145,Omega Ltd,IT Specialist,Healthcare,6933048,Boston,0
975,Charlie Green,alice@example.com,5163017267,Acme Corp,IT Specialist,Healthcare,4718497,New York,2
976,John Doe,jane@example.com,8642128737,Acme Corp,CEO,Retail,9473239,San Francisco,3
977,Charlie Green,alice@example.com,2732472116,Omega Ltd,IT Specialist,Technology,2347468,Chicago,4
978,Jane Smith,alice@example.com,2762632092,Widgets Inc,IT Specialist,Finance,1112711,Chicago,4
979,Jane Smith,alice@example.com,9218311190,Beta LLC,Sales Rep,Retail,2377829,New York,5
980,Bob Johnson,charlie@example.com,3785684434,Beta LLC,Sales Rep,Healthcare,6137313,Chicago,4
981,Charlie Green,alice@example.com,6821074975,Acme Corp,HR Coordinator,Healthcare,2053745,Los Angeles,2
982,Jane Smith,john@example.com,5969232055,Widgets Inc,Sales Rep,Healthcare,9572116,San Francisco,5
983,John Doe,charlie@example.com,3365381009,Gamma Co,IT Specialist,Technology,1172735,Chicago,3
984,John Doe,alice@example.com,4199148095,Acme Corp,CEO,Healthcare,5959255,New York,5
985,Jane Smith,john@example.com,5054176306,Beta LLC,Marketing Manager,Retail,596922,New York,4
986,Jane Smith,jane@example.com,5472490879,Omega Ltd,HR Coordinator,Healthcare,1368603,San Francisco,4
987,Bob Johnson,john@example.com,7456902823,Acme Corp,Sales Rep,Manufacturing,3696481,New York,4
988,Charlie Green,alice@example.com,4860761961,Beta LLC,Marketing Manager,Technology,6410115,San Francisco,0
989,Alice Brown,jane@example.com,7675789897,Gamma Co,Sales Rep,Healthcare,5195944,Boston,0
990,Charlie Green,alice@example.com,2185755146,Beta LLC,HR Coordinator,Finance,8271428,Chicago,3
991,Bob Johnson,bob@example.com,9897752260,Acme Corp,IT Specialist,Retail,7349526,Los Angeles,2
992,Bob Johnson,bob@example.com,7464975414,Gamma Co,HR Coordinator,Manufacturing,4844921,Chicago,4
993,John Doe,alice@example.com,5594677997,Widgets Inc,Sales Rep,Manufacturing,1839446,Chicago,3
994,Jane Smith,jane@example.com,4882683566,Beta LLC,IT Specialist,Finance,7796232,San Francisco,0
995,John Doe,jane@example.com,8831144251,Beta LLC,CEO,Finance,4082658,Los Angeles,3
996,Charlie Green,jane@example.com,8489202495,Acme Corp,IT Specialist,Retail,3139378,Los Angeles,3
997,John Doe,jane@example.com,4830123836,Gamma Co,Marketing Manager,Healthcare,3822448,San Francisco,2
998,Jane Smith,charlie@example.com,3838519530,Widgets Inc,CEO,Manufacturing,3932556,Boston,4
999,John Doe,jane@example.com,5937920213,Acme Corp,CEO,Finance,2061481,Chicago,0
1000,Alice Brown,alice@example.com,7382472846,Widgets Inc,IT Specialist,Technology,9063340,Los Angeles,1
